{
	"credit": "Made with Blockbench",
	"textures": {
		"0": "custom/diamond_hoe_67"
	},
	"elements": [
		{
			"name": "39",
			"from": [6.5, -1, 1],
			"to": [9.5, 1, 4],
			"faces": {
				"north": {"uv": [1.5, 7, 3, 8], "texture": "#0"},
				"east": {"uv": [0, 7, 1.5, 8], "texture": "#0"},
				"south": {"uv": [4.5, 7, 6, 8], "texture": "#0"},
				"west": {"uv": [3, 7, 4.5, 8], "texture": "#0"},
				"up": {"uv": [3, 7, 1.5, 5.5], "texture": "#0"},
				"down": {"uv": [4.5, 5.5, 3, 7], "texture": "#0"}
			}
		},
		{
			"name": "38",
			"from": [6.5, -1, 12],
			"to": [9.5, 1, 15],
			"faces": {
				"north": {"uv": [6, 2.5, 7.5, 3.5], "texture": "#0"},
				"east": {"uv": [4.5, 2.5, 6, 3.5], "texture": "#0"},
				"south": {"uv": [9, 2.5, 10.5, 3.5], "texture": "#0"},
				"west": {"uv": [7.5, 2.5, 9, 3.5], "texture": "#0"},
				"up": {"uv": [7.5, 2.5, 6, 1], "texture": "#0"},
				"down": {"uv": [9, 1, 7.5, 2.5], "texture": "#0"}
			}
		},
		{
			"name": "37",
			"from": [6.5, -6.5, 6.5],
			"to": [9.5, -4.5, 9.5],
			"faces": {
				"north": {"uv": [6, 6, 7.5, 7], "texture": "#0"},
				"east": {"uv": [4.5, 6, 6, 7], "texture": "#0"},
				"south": {"uv": [9, 6, 10.5, 7], "texture": "#0"},
				"west": {"uv": [7.5, 6, 9, 7], "texture": "#0"},
				"up": {"uv": [7.5, 6, 6, 4.5], "texture": "#0"},
				"down": {"uv": [9, 4.5, 7.5, 6], "texture": "#0"}
			}
		},
		{
			"name": "36",
			"from": [12, -1, 6.5],
			"to": [15, 1, 9.5],
			"faces": {
				"north": {"uv": [1.5, 4, 3, 5], "texture": "#0"},
				"east": {"uv": [0, 4, 1.5, 5], "texture": "#0"},
				"south": {"uv": [4.5, 4, 6, 5], "texture": "#0"},
				"west": {"uv": [3, 4, 4.5, 5], "texture": "#0"},
				"up": {"uv": [3, 4, 1.5, 2.5], "texture": "#0"},
				"down": {"uv": [4.5, 2.5, 3, 4], "texture": "#0"}
			}
		},
		{
			"name": "35",
			"from": [1, -1, 6.5],
			"to": [4, 1, 9.5],
			"faces": {
				"north": {"uv": [1.5, 1.5, 3, 2.5], "texture": "#0"},
				"east": {"uv": [0, 1.5, 1.5, 2.5], "texture": "#0"},
				"south": {"uv": [4.5, 1.5, 6, 2.5], "texture": "#0"},
				"west": {"uv": [3, 1.5, 4.5, 2.5], "texture": "#0"},
				"up": {"uv": [3, 1.5, 1.5, 0], "texture": "#0"},
				"down": {"uv": [4.5, 0, 3, 1.5], "texture": "#0"}
			}
		},
		{
			"name": "16",
			"from": [13, -0.5, 6.80653],
			"to": [14, 0.5, 9.19347],
			"rotation": {"angle": 22.5, "axis": "y", "origin": [8, 0, 8]},
			"faces": {
				"north": {"uv": [10, 8, 10.5, 8.5], "texture": "#0"},
				"east": {"uv": [9, 8, 10, 8.5], "texture": "#0"},
				"south": {"uv": [11.5, 8, 12, 8.5], "texture": "#0"},
				"west": {"uv": [10.5, 8, 11.5, 8.5], "texture": "#0"},
				"up": {"uv": [10.5, 8, 10, 7], "texture": "#0"},
				"down": {"uv": [11, 7, 10.5, 8], "texture": "#0"}
			}
		},
		{
			"name": "15",
			"from": [13, -0.5, 6.80653],
			"to": [14, 0.5, 9.19347],
			"rotation": {"angle": 0, "axis": "y", "origin": [8, 0, 8]},
			"faces": {
				"north": {"uv": [8, 8.5, 8.5, 9], "texture": "#0"},
				"east": {"uv": [7, 8.5, 8, 9], "texture": "#0"},
				"south": {"uv": [9.5, 8.5, 10, 9], "texture": "#0"},
				"west": {"uv": [8.5, 8.5, 9.5, 9], "texture": "#0"},
				"up": {"uv": [8.5, 8.5, 8, 7.5], "texture": "#0"},
				"down": {"uv": [9, 7.5, 8.5, 8.5], "texture": "#0"}
			}
		},
		{
			"name": "14",
			"from": [13, -0.5, 6.80653],
			"to": [14, 0.5, 9.19347],
			"rotation": {"angle": -22.5, "axis": "y", "origin": [8, 0, 8]},
			"faces": {
				"north": {"uv": [10, 4.5, 10.5, 5], "texture": "#0"},
				"east": {"uv": [9, 4.5, 10, 5], "texture": "#0"},
				"south": {"uv": [11.5, 4.5, 12, 5], "texture": "#0"},
				"west": {"uv": [10.5, 4.5, 11.5, 5], "texture": "#0"},
				"up": {"uv": [10.5, 4.5, 10, 3.5], "texture": "#0"},
				"down": {"uv": [11, 3.5, 10.5, 4.5], "texture": "#0"}
			}
		},
		{
			"name": "13",
			"from": [2, -0.5, 6.80653],
			"to": [3, 0.5, 9.19347],
			"rotation": {"angle": 22.5, "axis": "y", "origin": [8, 0, 8]},
			"faces": {
				"north": {"uv": [6, 8, 6.5, 8.5], "texture": "#0"},
				"east": {"uv": [5, 8, 6, 8.5], "texture": "#0"},
				"south": {"uv": [7.5, 8, 8, 8.5], "texture": "#0"},
				"west": {"uv": [6.5, 8, 7.5, 8.5], "texture": "#0"},
				"up": {"uv": [6.5, 8, 6, 7], "texture": "#0"},
				"down": {"uv": [7, 7, 6.5, 8], "texture": "#0"}
			}
		},
		{
			"name": "12",
			"from": [2, -0.5, 6.80653],
			"to": [3, 0.5, 9.19347],
			"rotation": {"angle": 0, "axis": "y", "origin": [8, 0, 8]},
			"faces": {
				"north": {"uv": [10, 1, 10.5, 1.5], "texture": "#0"},
				"east": {"uv": [9, 1, 10, 1.5], "texture": "#0"},
				"south": {"uv": [11.5, 1, 12, 1.5], "texture": "#0"},
				"west": {"uv": [10.5, 1, 11.5, 1.5], "texture": "#0"},
				"up": {"uv": [10.5, 1, 10, 0], "texture": "#0"},
				"down": {"uv": [11, 0, 10.5, 1], "texture": "#0"}
			}
		},
		{
			"name": "11",
			"from": [2, -0.5, 6.80653],
			"to": [3, 0.5, 9.19347],
			"rotation": {"angle": -22.5, "axis": "y", "origin": [8, 0, 8]},
			"faces": {
				"north": {"uv": [1, 9, 1.5, 9.5], "texture": "#0"},
				"east": {"uv": [0, 9, 1, 9.5], "texture": "#0"},
				"south": {"uv": [2.5, 9, 3, 9.5], "texture": "#0"},
				"west": {"uv": [1.5, 9, 2.5, 9.5], "texture": "#0"},
				"up": {"uv": [1.5, 9, 1, 8], "texture": "#0"},
				"down": {"uv": [2, 8, 1.5, 9], "texture": "#0"}
			}
		},
		{
			"name": "10",
			"from": [6.80653, -0.5, 13],
			"to": [9.19347, 0.5, 14],
			"rotation": {"angle": 45, "axis": "y", "origin": [8, 0, 8]},
			"faces": {
				"north": {"uv": [9.5, 9.5, 10.5, 10], "texture": "#0"},
				"east": {"uv": [9, 9.5, 9.5, 10], "texture": "#0"},
				"south": {"uv": [11, 9.5, 12, 10], "texture": "#0"},
				"west": {"uv": [10.5, 9.5, 11, 10], "texture": "#0"},
				"up": {"uv": [10.5, 9.5, 9.5, 9], "texture": "#0"},
				"down": {"uv": [11.5, 9, 10.5, 9.5], "texture": "#0"}
			}
		},
		{
			"name": "9",
			"from": [6.80653, -0.5, 13],
			"to": [9.19347, 0.5, 14],
			"rotation": {"angle": 22.5, "axis": "y", "origin": [8, 0, 8]},
			"faces": {
				"north": {"uv": [9.5, 2, 10.5, 2.5], "texture": "#0"},
				"east": {"uv": [9, 2, 9.5, 2.5], "texture": "#0"},
				"south": {"uv": [11, 2, 12, 2.5], "texture": "#0"},
				"west": {"uv": [10.5, 2, 11, 2.5], "texture": "#0"},
				"up": {"uv": [10.5, 2, 9.5, 1.5], "texture": "#0"},
				"down": {"uv": [11.5, 1.5, 10.5, 2], "texture": "#0"}
			}
		},
		{
			"name": "8",
			"from": [6.80653, -0.5, 13],
			"to": [9.19347, 0.5, 14],
			"rotation": {"angle": 0, "axis": "y", "origin": [8, 0, 8]},
			"faces": {
				"north": {"uv": [9.5, 5.5, 10.5, 6], "texture": "#0"},
				"east": {"uv": [9, 5.5, 9.5, 6], "texture": "#0"},
				"south": {"uv": [11, 5.5, 12, 6], "texture": "#0"},
				"west": {"uv": [10.5, 5.5, 11, 6], "texture": "#0"},
				"up": {"uv": [10.5, 5.5, 9.5, 5], "texture": "#0"},
				"down": {"uv": [11.5, 5, 10.5, 5.5], "texture": "#0"}
			}
		},
		{
			"name": "7",
			"from": [6.80653, -0.5, 13],
			"to": [9.19347, 0.5, 14],
			"rotation": {"angle": -22.5, "axis": "y", "origin": [8, 0, 8]},
			"faces": {
				"north": {"uv": [0.5, 10, 1.5, 10.5], "texture": "#0"},
				"east": {"uv": [0, 10, 0.5, 10.5], "texture": "#0"},
				"south": {"uv": [2, 10, 3, 10.5], "texture": "#0"},
				"west": {"uv": [1.5, 10, 2, 10.5], "texture": "#0"},
				"up": {"uv": [1.5, 10, 0.5, 9.5], "texture": "#0"},
				"down": {"uv": [2.5, 9.5, 1.5, 10], "texture": "#0"}
			}
		},
		{
			"name": "6",
			"from": [6.80653, -0.5, 13],
			"to": [9.19347, 0.5, 14],
			"rotation": {"angle": -45, "axis": "y", "origin": [8, 0, 8]},
			"faces": {
				"north": {"uv": [6.5, 4, 7.5, 4.5], "texture": "#0"},
				"east": {"uv": [6, 4, 6.5, 4.5], "texture": "#0"},
				"south": {"uv": [8, 4, 9, 4.5], "texture": "#0"},
				"west": {"uv": [7.5, 4, 8, 4.5], "texture": "#0"},
				"up": {"uv": [7.5, 4, 6.5, 3.5], "texture": "#0"},
				"down": {"uv": [8.5, 3.5, 7.5, 4], "texture": "#0"}
			}
		},
		{
			"name": "5",
			"from": [6.80653, -0.5, 2],
			"to": [9.19347, 0.5, 3],
			"rotation": {"angle": 45, "axis": "y", "origin": [8, 0, 8]},
			"faces": {
				"north": {"uv": [3, 10.5, 4, 11], "texture": "#0"},
				"east": {"uv": [2.5, 10.5, 3, 11], "texture": "#0"},
				"south": {"uv": [4.5, 10.5, 5.5, 11], "texture": "#0"},
				"west": {"uv": [4, 10.5, 4.5, 11], "texture": "#0"},
				"up": {"uv": [4, 10.5, 3, 10], "texture": "#0"},
				"down": {"uv": [5, 10, 4, 10.5], "texture": "#0"}
			}
		},
		{
			"name": "4",
			"from": [6.80653, -0.5, 2],
			"to": [9.19347, 0.5, 3],
			"rotation": {"angle": 22.5, "axis": "y", "origin": [8, 0, 8]},
			"faces": {
				"north": {"uv": [5, 0.5, 6, 1], "texture": "#0"},
				"east": {"uv": [4.5, 0.5, 5, 1], "texture": "#0"},
				"south": {"uv": [6.5, 0.5, 7.5, 1], "texture": "#0"},
				"west": {"uv": [6, 0.5, 6.5, 1], "texture": "#0"},
				"up": {"uv": [6, 0.5, 5, 0], "texture": "#0"},
				"down": {"uv": [7, 0, 6, 0.5], "texture": "#0"}
			}
		},
		{
			"name": "3",
			"from": [6.80653, -0.5, 2],
			"to": [9.19347, 0.5, 3],
			"rotation": {"angle": 0, "axis": "y", "origin": [8, 0, 8]},
			"faces": {
				"north": {"uv": [0.5, 11, 1.5, 11.5], "texture": "#0"},
				"east": {"uv": [0, 11, 0.5, 11.5], "texture": "#0"},
				"south": {"uv": [2, 11, 3, 11.5], "texture": "#0"},
				"west": {"uv": [1.5, 11, 2, 11.5], "texture": "#0"},
				"up": {"uv": [1.5, 11, 0.5, 10.5], "texture": "#0"},
				"down": {"uv": [2.5, 10.5, 1.5, 11], "texture": "#0"}
			}
		},
		{
			"name": "2",
			"from": [6.80653, -0.5, 2],
			"to": [9.19347, 0.5, 3],
			"rotation": {"angle": -22.5, "axis": "y", "origin": [8, 0, 8]},
			"faces": {
				"north": {"uv": [5.5, 11, 6.5, 11.5], "texture": "#0"},
				"east": {"uv": [5, 11, 5.5, 11.5], "texture": "#0"},
				"south": {"uv": [7, 11, 8, 11.5], "texture": "#0"},
				"west": {"uv": [6.5, 11, 7, 11.5], "texture": "#0"},
				"up": {"uv": [6.5, 11, 5.5, 10.5], "texture": "#0"},
				"down": {"uv": [7.5, 10.5, 6.5, 11], "texture": "#0"}
			}
		},
		{
			"name": "1",
			"from": [6.80653, -0.5, 2],
			"to": [9.19347, 0.5, 3],
			"rotation": {"angle": -45, "axis": "y", "origin": [8, 0, 8]},
			"faces": {
				"north": {"uv": [11, 3, 12, 3.5], "texture": "#0"},
				"east": {"uv": [10.5, 3, 11, 3.5], "texture": "#0"},
				"south": {"uv": [12.5, 3, 13.5, 3.5], "texture": "#0"},
				"west": {"uv": [12, 3, 12.5, 3.5], "texture": "#0"},
				"up": {"uv": [12, 3, 11, 2.5], "texture": "#0"},
				"down": {"uv": [13, 2.5, 12, 3], "texture": "#0"}
			}
		},
		{
			"name": "25",
			"from": [7.5, -6, 6.80653],
			"to": [8.5, -5, 9.19347],
			"rotation": {"angle": 22.5, "axis": "x", "origin": [8, 0, 8]},
			"faces": {
				"north": {"uv": [4, 9, 4.5, 9.5], "texture": "#0"},
				"east": {"uv": [3, 9, 4, 9.5], "texture": "#0"},
				"south": {"uv": [5.5, 9, 6, 9.5], "texture": "#0"},
				"west": {"uv": [4.5, 9, 5.5, 9.5], "texture": "#0"},
				"up": {"uv": [4.5, 9, 4, 8], "texture": "#0"},
				"down": {"uv": [5, 8, 4.5, 9], "texture": "#0"}
			}
		},
		{
			"name": "24",
			"from": [7.5, -6, 6.80653],
			"to": [8.5, -5, 9.19347],
			"rotation": {"angle": 0, "axis": "x", "origin": [8, 0, 8]},
			"faces": {
				"north": {"uv": [6, 9.5, 6.5, 10], "texture": "#0"},
				"east": {"uv": [5, 9.5, 6, 10], "texture": "#0"},
				"south": {"uv": [7.5, 9.5, 8, 10], "texture": "#0"},
				"west": {"uv": [6.5, 9.5, 7.5, 10], "texture": "#0"},
				"up": {"uv": [6.5, 9.5, 6, 8.5], "texture": "#0"},
				"down": {"uv": [7, 8.5, 6.5, 9.5], "texture": "#0"}
			}
		},
		{
			"name": "23",
			"from": [7.5, -6, 6.80653],
			"to": [8.5, -5, 9.19347],
			"rotation": {"angle": -22.5, "axis": "x", "origin": [8, 0, 8]},
			"faces": {
				"north": {"uv": [8, 10, 8.5, 10.5], "texture": "#0"},
				"east": {"uv": [7, 10, 8, 10.5], "texture": "#0"},
				"south": {"uv": [9.5, 10, 10, 10.5], "texture": "#0"},
				"west": {"uv": [8.5, 10, 9.5, 10.5], "texture": "#0"},
				"up": {"uv": [8.5, 10, 8, 9], "texture": "#0"},
				"down": {"uv": [9, 9, 8.5, 10], "texture": "#0"}
			}
		},
		{
			"name": "22",
			"from": [7.5, -1.19347, 13],
			"to": [8.5, 1.19347, 14],
			"rotation": {"angle": 45, "axis": "x", "origin": [8, 0, 8]},
			"faces": {
				"north": {"uv": [9.5, 12.5, 10, 13.5], "texture": "#0"},
				"east": {"uv": [9, 12.5, 9.5, 13.5], "texture": "#0"},
				"south": {"uv": [10.5, 12.5, 11, 13.5], "texture": "#0"},
				"west": {"uv": [10, 12.5, 10.5, 13.5], "texture": "#0"},
				"up": {"uv": [10, 12.5, 9.5, 12], "texture": "#0"},
				"down": {"uv": [10.5, 12, 10, 12.5], "texture": "#0"}
			}
		},
		{
			"name": "21",
			"from": [7.5, -1.19347, 13],
			"to": [8.5, 1.19347, 14],
			"rotation": {"angle": 22.5, "axis": "x", "origin": [8, 0, 8]},
			"faces": {
				"north": {"uv": [12, 8.5, 12.5, 9.5], "texture": "#0"},
				"east": {"uv": [11.5, 8.5, 12, 9.5], "texture": "#0"},
				"south": {"uv": [13, 8.5, 13.5, 9.5], "texture": "#0"},
				"west": {"uv": [12.5, 8.5, 13, 9.5], "texture": "#0"},
				"up": {"uv": [12.5, 8.5, 12, 8], "texture": "#0"},
				"down": {"uv": [13, 8, 12.5, 8.5], "texture": "#0"}
			}
		},
		{
			"name": "20",
			"from": [7.5, -1.19347, 13],
			"to": [8.5, 1.19347, 14],
			"rotation": {"angle": 0, "axis": "x", "origin": [8, 0, 8]},
			"faces": {
				"north": {"uv": [5.5, 12, 6, 13], "texture": "#0"},
				"east": {"uv": [5, 12, 5.5, 13], "texture": "#0"},
				"south": {"uv": [6.5, 12, 7, 13], "texture": "#0"},
				"west": {"uv": [6, 12, 6.5, 13], "texture": "#0"},
				"up": {"uv": [6, 12, 5.5, 11.5], "texture": "#0"},
				"down": {"uv": [6.5, 11.5, 6, 12], "texture": "#0"}
			}
		},
		{
			"name": "19",
			"from": [7.5, -1.19347, 2],
			"to": [8.5, 1.19347, 3],
			"rotation": {"angle": 0, "axis": "x", "origin": [8, 0, 8]},
			"faces": {
				"north": {"uv": [12.5, 4, 13, 5], "texture": "#0"},
				"east": {"uv": [12, 4, 12.5, 5], "texture": "#0"},
				"south": {"uv": [13.5, 4, 14, 5], "texture": "#0"},
				"west": {"uv": [13, 4, 13.5, 5], "texture": "#0"},
				"up": {"uv": [13, 4, 12.5, 3.5], "texture": "#0"},
				"down": {"uv": [13.5, 3.5, 13, 4], "texture": "#0"}
			}
		},
		{
			"name": "18",
			"from": [7.5, -1.19347, 2],
			"to": [8.5, 1.19347, 3],
			"rotation": {"angle": -22.5, "axis": "x", "origin": [8, 0, 8]},
			"faces": {
				"north": {"uv": [7.5, 12.5, 8, 13.5], "texture": "#0"},
				"east": {"uv": [7, 12.5, 7.5, 13.5], "texture": "#0"},
				"south": {"uv": [8.5, 12.5, 9, 13.5], "texture": "#0"},
				"west": {"uv": [8, 12.5, 8.5, 13.5], "texture": "#0"},
				"up": {"uv": [8, 12.5, 7.5, 12], "texture": "#0"},
				"down": {"uv": [8.5, 12, 8, 12.5], "texture": "#0"}
			}
		},
		{
			"name": "17",
			"from": [7.5, -1.19347, 2],
			"to": [8.5, 1.19347, 3],
			"rotation": {"angle": -45, "axis": "x", "origin": [8, 0, 8]},
			"faces": {
				"north": {"uv": [0.5, 12, 1, 13], "texture": "#0"},
				"east": {"uv": [0, 12, 0.5, 13], "texture": "#0"},
				"south": {"uv": [1.5, 12, 2, 13], "texture": "#0"},
				"west": {"uv": [1, 12, 1.5, 13], "texture": "#0"},
				"up": {"uv": [1, 12, 0.5, 11.5], "texture": "#0"},
				"down": {"uv": [1.5, 11.5, 1, 12], "texture": "#0"}
			}
		},
		{
			"name": "34",
			"from": [13, -1.19347, 7.5],
			"to": [14, 1.19347, 8.5],
			"rotation": {"angle": 0, "axis": "z", "origin": [8, 0, 8]},
			"faces": {
				"north": {"uv": [13, 10, 13.5, 11], "texture": "#0"},
				"east": {"uv": [12.5, 10, 13, 11], "texture": "#0"},
				"south": {"uv": [14, 10, 14.5, 11], "texture": "#0"},
				"west": {"uv": [13.5, 10, 14, 11], "texture": "#0"},
				"up": {"uv": [13.5, 10, 13, 9.5], "texture": "#0"},
				"down": {"uv": [14, 9.5, 13.5, 10], "texture": "#0"}
			}
		},
		{
			"name": "33",
			"from": [13, -1.19347, 7.5],
			"to": [14, 1.19347, 8.5],
			"rotation": {"angle": -22.5, "axis": "z", "origin": [8, 0, 8]},
			"faces": {
				"north": {"uv": [2.5, 12.5, 3, 13.5], "texture": "#0"},
				"east": {"uv": [2, 12.5, 2.5, 13.5], "texture": "#0"},
				"south": {"uv": [3.5, 12.5, 4, 13.5], "texture": "#0"},
				"west": {"uv": [3, 12.5, 3.5, 13.5], "texture": "#0"},
				"up": {"uv": [3, 12.5, 2.5, 12], "texture": "#0"},
				"down": {"uv": [3.5, 12, 3, 12.5], "texture": "#0"}
			}
		},
		{
			"name": "32",
			"from": [2, -1.19347, 7.5],
			"to": [3, 1.19347, 8.5],
			"rotation": {"angle": 22.5, "axis": "z", "origin": [8, 0, 8]},
			"faces": {
				"north": {"uv": [12.5, 0.5, 13, 1.5], "texture": "#0"},
				"east": {"uv": [12, 0.5, 12.5, 1.5], "texture": "#0"},
				"south": {"uv": [13.5, 0.5, 14, 1.5], "texture": "#0"},
				"west": {"uv": [13, 0.5, 13.5, 1.5], "texture": "#0"},
				"up": {"uv": [13, 0.5, 12.5, 0], "texture": "#0"},
				"down": {"uv": [13.5, 0, 13, 0.5], "texture": "#0"}
			}
		},
		{
			"name": "31",
			"from": [2, -1.19347, 7.5],
			"to": [3, 1.19347, 8.5],
			"rotation": {"angle": 0, "axis": "z", "origin": [8, 0, 8]},
			"faces": {
				"north": {"uv": [11.5, 12.5, 12, 13.5], "texture": "#0"},
				"east": {"uv": [11, 12.5, 11.5, 13.5], "texture": "#0"},
				"south": {"uv": [12.5, 12.5, 13, 13.5], "texture": "#0"},
				"west": {"uv": [12, 12.5, 12.5, 13.5], "texture": "#0"},
				"up": {"uv": [12, 12.5, 11.5, 12], "texture": "#0"},
				"down": {"uv": [12.5, 12, 12, 12.5], "texture": "#0"}
			}
		},
		{
			"name": "30",
			"from": [6.80653, -6, 7.5],
			"to": [9.19347, -5, 8.5],
			"rotation": {"angle": 45, "axis": "z", "origin": [8, 0, 8]},
			"faces": {
				"north": {"uv": [8, 11.5, 9, 12], "texture": "#0"},
				"east": {"uv": [7.5, 11.5, 8, 12], "texture": "#0"},
				"south": {"uv": [9.5, 11.5, 10.5, 12], "texture": "#0"},
				"west": {"uv": [9, 11.5, 9.5, 12], "texture": "#0"},
				"up": {"uv": [9, 11.5, 8, 11], "texture": "#0"},
				"down": {"uv": [10, 11, 9, 11.5], "texture": "#0"}
			}
		},
		{
			"name": "29",
			"from": [6.80653, -6, 7.5],
			"to": [9.19347, -5, 8.5],
			"rotation": {"angle": 22.5, "axis": "z", "origin": [8, 0, 8]},
			"faces": {
				"north": {"uv": [3, 11.5, 4, 12], "texture": "#0"},
				"east": {"uv": [2.5, 11.5, 3, 12], "texture": "#0"},
				"south": {"uv": [4.5, 11.5, 5.5, 12], "texture": "#0"},
				"west": {"uv": [4, 11.5, 4.5, 12], "texture": "#0"},
				"up": {"uv": [4, 11.5, 3, 11], "texture": "#0"},
				"down": {"uv": [5, 11, 4, 11.5], "texture": "#0"}
			}
		},
		{
			"name": "28",
			"from": [6.80653, -6, 7.5],
			"to": [9.19347, -5, 8.5],
			"rotation": {"angle": 0, "axis": "z", "origin": [8, 0, 8]},
			"faces": {
				"north": {"uv": [11, 6.5, 12, 7], "texture": "#0"},
				"east": {"uv": [10.5, 6.5, 11, 7], "texture": "#0"},
				"south": {"uv": [12.5, 6.5, 13.5, 7], "texture": "#0"},
				"west": {"uv": [12, 6.5, 12.5, 7], "texture": "#0"},
				"up": {"uv": [12, 6.5, 11, 6], "texture": "#0"},
				"down": {"uv": [13, 6, 12, 6.5], "texture": "#0"}
			}
		},
		{
			"name": "27",
			"from": [6.80653, -6, 7.5],
			"to": [9.19347, -5, 8.5],
			"rotation": {"angle": -22.5, "axis": "z", "origin": [8, 0, 8]},
			"faces": {
				"north": {"uv": [10, 10.5, 11, 11], "texture": "#0"},
				"east": {"uv": [9.5, 10.5, 10, 11], "texture": "#0"},
				"south": {"uv": [11.5, 10.5, 12.5, 11], "texture": "#0"},
				"west": {"uv": [11, 10.5, 11.5, 11], "texture": "#0"},
				"up": {"uv": [11, 10.5, 10, 10], "texture": "#0"},
				"down": {"uv": [12, 10, 11, 10.5], "texture": "#0"}
			}
		},
		{
			"name": "26",
			"from": [6.80653, -6, 7.5],
			"to": [9.19347, -5, 8.5],
			"rotation": {"angle": -45, "axis": "z", "origin": [8, 0, 8]},
			"faces": {
				"north": {"uv": [11, 11.5, 12, 12], "texture": "#0"},
				"east": {"uv": [10.5, 11.5, 11, 12], "texture": "#0"},
				"south": {"uv": [12.5, 11.5, 13.5, 12], "texture": "#0"},
				"west": {"uv": [12, 11.5, 12.5, 12], "texture": "#0"},
				"up": {"uv": [12, 11.5, 11, 11], "texture": "#0"},
				"down": {"uv": [13, 11, 12, 11.5], "texture": "#0"}
			}
		}
	],
	"display": {
		"thirdperson_righthand": {
			"rotation": [90, 0, 0],
			"translation": [0, -1.5, 9.75]
		},
		"thirdperson_lefthand": {
			"rotation": [90, 0, 0],
			"translation": [0, -1.5, 9.75]
		},
		"firstperson_righthand": {
			"rotation": [180, 0, -15],
			"translation": [0, -5, 0]
		},
		"firstperson_lefthand": {
			"rotation": [180, 0, -15],
			"translation": [0, -5, 0]
		},
		"ground": {
			"rotation": [0, 0, 180],
			"translation": [0, -12, 0]
		},
		"gui": {
			"rotation": [65, 45, -163],
			"translation": [2, -1, 0]
		},
		"head": {
			"rotation": [180, 0, 0],
			"translation": [0, -47, 0]
		}
	}
}