{
	"credit": "Made with Blockbench",
	"texture_size": [64, 64],
	"textures": {
		"0": "custom/diamond_hoe_100"
	},
	"elements": [
		{
			"name": "lock2",
			"from": [10, 5, 6],
			"to": [10.5, 6.5, 10],
			"rotation": {"angle": 0, "axis": "y", "origin": [8, 9, 8]},
			"faces": {
				"north": {"uv": [7.75, 5, 8, 5.5], "texture": "#0"},
				"east": {"uv": [1.25, 11.25, 2.25, 11.75], "texture": "#0"},
				"south": {"uv": [2.25, 10, 2.5, 10.5], "texture": "#0"},
				"west": {"uv": [12.5, 3.5, 13.5, 4], "texture": "#0"},
				"up": {"uv": [2.75, 5, 2.5, 4], "texture": "#0"},
				"down": {"uv": [2.75, 5, 2.5, 6], "texture": "#0"}
			}
		},
		{
			"name": "basePillar3",
			"from": [0, 1, 0],
			"to": [2, 4, 2],
			"rotation": {"angle": 0, "axis": "y", "origin": [8, 9, 8]},
			"faces": {
				"north": {"uv": [1, 12.75, 1.5, 13.5], "texture": "#0"},
				"east": {"uv": [1.5, 12.75, 2, 13.5], "texture": "#0"},
				"south": {"uv": [2, 12.75, 2.5, 13.5], "texture": "#0"},
				"west": {"uv": [7.75, 12.75, 8.25, 13.5], "texture": "#0"},
				"up": {"uv": [13.25, 12.5, 12.75, 12], "texture": "#0"},
				"down": {"uv": [14.25, 2.75, 13.75, 3.25], "texture": "#0"}
			}
		},
		{
			"name": "topPillar1",
			"from": [9, 4, 14],
			"to": [10.5, 7, 15.5],
			"rotation": {"angle": 0, "axis": "y", "origin": [8, 9, 8]},
			"faces": {
				"north": {"uv": [8.25, 12.75, 8.75, 13.5], "texture": "#0"},
				"east": {"uv": [8.75, 12.75, 9.25, 13.5], "texture": "#0"},
				"south": {"uv": [9.25, 12.75, 9.75, 13.5], "texture": "#0"},
				"west": {"uv": [9.75, 12.75, 10.25, 13.5], "texture": "#0"},
				"up": {"uv": [14.25, 10.5, 13.75, 10], "texture": "#0"},
				"down": {"uv": [14.25, 11.5, 13.75, 12], "texture": "#0"}
			}
		},
		{
			"name": "topSection",
			"from": [0, 7, 0],
			"to": [11, 8, 16],
			"rotation": {"angle": 0, "axis": "y", "origin": [8, 9, 8]},
			"faces": {
				"north": {"uv": [8, 7.75, 10.75, 8], "texture": "#0"},
				"east": {"uv": [10.75, 10.5, 14.75, 10.75], "texture": "#0"},
				"south": {"uv": [11.5, 11.25, 14.25, 11.5], "texture": "#0"},
				"west": {"uv": [11, 4.25, 15, 4.5], "texture": "#0"},
				"up": {"uv": [2.75, 4, 0, 0], "texture": "#0"},
				"down": {"uv": [5.5, 2.75, 2.75, 6.75], "texture": "#0"}
			}
		},
		{
			"name": "basePillar2",
			"from": [0, 1, 14],
			"to": [2, 4, 16],
			"rotation": {"angle": 0, "axis": "y", "origin": [8, 9, 8]},
			"faces": {
				"north": {"uv": [4.75, 13, 5.25, 13.75], "texture": "#0"},
				"east": {"uv": [5.25, 13, 5.75, 13.75], "texture": "#0"},
				"south": {"uv": [5.75, 13, 6.25, 13.75], "texture": "#0"},
				"west": {"uv": [6.25, 13, 6.75, 13.75], "texture": "#0"},
				"up": {"uv": [14.25, 12.5, 13.75, 12], "texture": "#0"},
				"down": {"uv": [14.25, 12.5, 13.75, 13], "texture": "#0"}
			}
		},
		{
			"name": "basePillar1",
			"from": [9, 1, 14],
			"to": [11, 4, 16],
			"rotation": {"angle": 0, "axis": "y", "origin": [8, 9, 8]},
			"faces": {
				"north": {"uv": [6.75, 13, 7.25, 13.75], "texture": "#0"},
				"east": {"uv": [7.25, 13, 7.75, 13.75], "texture": "#0"},
				"south": {"uv": [13, 5.5, 13.5, 6.25], "texture": "#0"},
				"west": {"uv": [13, 6.25, 13.5, 7], "texture": "#0"},
				"up": {"uv": [14.25, 13.75, 13.75, 13.25], "texture": "#0"},
				"down": {"uv": [1.5, 14, 1, 14.5], "texture": "#0"}
			}
		},
		{
			"name": "basePillar4",
			"from": [9, 1, 0],
			"to": [11, 4, 2],
			"rotation": {"angle": 0, "axis": "y", "origin": [8, 9, 8]},
			"faces": {
				"north": {"uv": [13, 7.75, 13.5, 8.5], "texture": "#0"},
				"east": {"uv": [13, 8.5, 13.5, 9.25], "texture": "#0"},
				"south": {"uv": [13, 9.25, 13.5, 10], "texture": "#0"},
				"west": {"uv": [2.5, 13.25, 3, 14], "texture": "#0"},
				"up": {"uv": [2, 14.5, 1.5, 14], "texture": "#0"},
				"down": {"uv": [2.5, 14, 2, 14.5], "texture": "#0"}
			}
		},
		{
			"name": "topPillar2",
			"from": [0.5, 4, 14],
			"to": [2, 7, 15.5],
			"rotation": {"angle": 0, "axis": "y", "origin": [8, 9, 8]},
			"faces": {
				"north": {"uv": [3, 13.25, 3.5, 14], "texture": "#0"},
				"east": {"uv": [3.5, 13.25, 4, 14], "texture": "#0"},
				"south": {"uv": [4, 13.25, 4.5, 14], "texture": "#0"},
				"west": {"uv": [10.25, 13.25, 10.75, 14], "texture": "#0"},
				"up": {"uv": [3, 14.5, 2.5, 14], "texture": "#0"},
				"down": {"uv": [3.5, 14, 3, 14.5], "texture": "#0"}
			}
		},
		{
			"name": "topPillar3",
			"from": [0.5, 4, 0.5],
			"to": [2, 7, 2],
			"rotation": {"angle": 0, "axis": "y", "origin": [8, 9, 8]},
			"faces": {
				"north": {"uv": [10.75, 13.25, 11.25, 14], "texture": "#0"},
				"east": {"uv": [11.25, 13.25, 11.75, 14], "texture": "#0"},
				"south": {"uv": [11.75, 13.25, 12.25, 14], "texture": "#0"},
				"west": {"uv": [12.25, 13.25, 12.75, 14], "texture": "#0"},
				"up": {"uv": [4, 14.5, 3.5, 14], "texture": "#0"},
				"down": {"uv": [4.5, 14, 4, 14.5], "texture": "#0"}
			}
		},
		{
			"name": "topPillar4",
			"from": [9, 4, 0.5],
			"to": [10.5, 7, 2],
			"rotation": {"angle": 0, "axis": "y", "origin": [8, 9, 8]},
			"faces": {
				"north": {"uv": [12.75, 13.25, 13.25, 14], "texture": "#0"},
				"east": {"uv": [13.25, 13.25, 13.75, 14], "texture": "#0"},
				"south": {"uv": [13.25, 11.5, 13.75, 12.25], "texture": "#0"},
				"west": {"uv": [13.25, 12.25, 13.75, 13], "texture": "#0"},
				"up": {"uv": [6.5, 14.5, 6, 14], "texture": "#0"},
				"down": {"uv": [7, 14, 6.5, 14.5], "texture": "#0"}
			}
		},
		{
			"name": "baseSection",
			"from": [0.5, 1, 0.5],
			"to": [10.5, 2, 15.5],
			"rotation": {"angle": 0, "axis": "y", "origin": [8, 9, 8]},
			"faces": {
				"north": {"uv": [0, 12, 2.5, 12.25], "texture": "#0"},
				"east": {"uv": [11, 4.5, 14.75, 4.75], "texture": "#0"},
				"south": {"uv": [7.75, 12, 10.25, 12.25], "texture": "#0"},
				"west": {"uv": [11, 4.75, 14.75, 5], "texture": "#0"},
				"up": {"uv": [2.5, 7.75, 0, 4], "texture": "#0"},
				"down": {"uv": [8, 5.5, 5.5, 9.25], "texture": "#0"}
			}
		},
		{
			"name": "innerSection",
			"from": [1, 2, 1],
			"to": [10, 7, 15],
			"rotation": {"angle": 0, "axis": "y", "origin": [8, 9, 8]},
			"faces": {
				"north": {"uv": [5.5, 3.75, 7.75, 5], "texture": "#0"},
				"east": {"uv": [10, 0, 13.5, 1.25], "texture": "#0"},
				"south": {"uv": [2.25, 10.5, 4.5, 11.75], "texture": "#0"},
				"west": {"uv": [10, 1.25, 13.5, 2.5], "texture": "#0"},
				"up": {"uv": [2.25, 11.25, 0, 7.75], "texture": "#0"},
				"down": {"uv": [10, 0, 7.75, 3.5], "texture": "#0"}
			}
		},
		{
			"name": "arch3",
			"from": [10, 8, 0],
			"to": [11, 10.5, 3],
			"faces": {
				"north": {"uv": [2.5, 6, 2.75, 6.75], "texture": "#0"},
				"east": {"uv": [4.75, 6.75, 5.5, 7.5], "texture": "#0"},
				"south": {"uv": [2.25, 7.75, 2.5, 8.5], "texture": "#0"},
				"west": {"uv": [4.75, 7.5, 5.5, 8.25], "texture": "#0"},
				"up": {"uv": [8, 4.25, 7.75, 3.5], "texture": "#0"},
				"down": {"uv": [8, 4.25, 7.75, 5], "texture": "#0"}
			}
		},
		{
			"name": "arch5",
			"from": [9, 10, 0],
			"to": [10, 12, 3],
			"faces": {
				"north": {"uv": [4.5, 11.25, 4.75, 11.75], "texture": "#0"},
				"east": {"uv": [13, 10, 13.75, 10.5], "texture": "#0"},
				"south": {"uv": [3.75, 12, 4, 12.5], "texture": "#0"},
				"west": {"uv": [13.25, 10.75, 14, 11.25], "texture": "#0"},
				"up": {"uv": [2.5, 9.25, 2.25, 8.5], "texture": "#0"},
				"down": {"uv": [2.5, 9.25, 2.25, 10], "texture": "#0"}
			}
		},
		{
			"name": "arch8",
			"from": [8, 11.5, 0],
			"to": [9, 13.5, 3],
			"faces": {
				"north": {"uv": [4.5, 13.25, 4.75, 13.75], "texture": "#0"},
				"east": {"uv": [1, 13.5, 1.75, 14], "texture": "#0"},
				"south": {"uv": [10, 13.5, 10.25, 14], "texture": "#0"},
				"west": {"uv": [1.75, 13.5, 2.5, 14], "texture": "#0"},
				"up": {"uv": [8, 10, 7.75, 9.25], "texture": "#0"},
				"down": {"uv": [8, 10, 7.75, 10.75], "texture": "#0"}
			}
		},
		{
			"name": "arch4",
			"from": [0, 8, 0],
			"to": [1, 10.5, 3],
			"faces": {
				"north": {"uv": [4.5, 10.5, 4.75, 11.25], "texture": "#0"},
				"east": {"uv": [4.75, 8.25, 5.5, 9], "texture": "#0"},
				"south": {"uv": [14.25, 5, 14.5, 5.75], "texture": "#0"},
				"west": {"uv": [4, 11.75, 4.75, 12.5], "texture": "#0"},
				"up": {"uv": [14.5, 6.5, 14.25, 5.75], "texture": "#0"},
				"down": {"uv": [14.5, 7.75, 14.25, 8.5], "texture": "#0"}
			}
		},
		{
			"name": "arch6",
			"from": [1, 10, 0],
			"to": [2, 12, 3],
			"faces": {
				"north": {"uv": [14.5, 5.25, 14.75, 5.75], "texture": "#0"},
				"east": {"uv": [7.75, 13.5, 8.5, 14], "texture": "#0"},
				"south": {"uv": [14.5, 5.75, 14.75, 6.25], "texture": "#0"},
				"west": {"uv": [8.5, 13.5, 9.25, 14], "texture": "#0"},
				"up": {"uv": [14.5, 9.25, 14.25, 8.5], "texture": "#0"},
				"down": {"uv": [14.5, 11.25, 14.25, 12], "texture": "#0"}
			}
		},
		{
			"name": "arch1",
			"from": [2, 11.5, 0],
			"to": [3, 13.5, 3],
			"faces": {
				"north": {"uv": [14.5, 7.25, 14.75, 7.75], "texture": "#0"},
				"east": {"uv": [9.25, 13.5, 10, 14], "texture": "#0"},
				"south": {"uv": [14.5, 7.75, 14.75, 8.25], "texture": "#0"},
				"west": {"uv": [13.5, 0, 14.25, 0.5], "texture": "#0"},
				"up": {"uv": [14.5, 12.75, 14.25, 12], "texture": "#0"},
				"down": {"uv": [0.25, 14.5, 0, 15.25], "texture": "#0"}
			}
		},
		{
			"name": "arch2",
			"from": [3, 13, 0],
			"to": [8, 14.5, 3],
			"faces": {
				"north": {"uv": [2.5, 12, 3.75, 12.5], "texture": "#0"},
				"east": {"uv": [13.5, 0.5, 14.25, 1], "texture": "#0"},
				"south": {"uv": [10.25, 12, 11.5, 12.5], "texture": "#0"},
				"west": {"uv": [13.5, 1, 14.25, 1.5], "texture": "#0"},
				"up": {"uv": [12.25, 5.75, 11, 5], "texture": "#0"},
				"down": {"uv": [12.25, 5.75, 11, 6.5], "texture": "#0"}
			}
		},
		{
			"name": "arch1",
			"from": [2, 11.5, 13],
			"to": [3, 13.5, 16],
			"rotation": {"angle": 0, "axis": "y", "origin": [8, 8, 21]},
			"faces": {
				"north": {"uv": [14.5, 8.25, 14.75, 8.75], "texture": "#0"},
				"east": {"uv": [13.5, 1.5, 14.25, 2], "texture": "#0"},
				"south": {"uv": [14.5, 8.75, 14.75, 9.25], "texture": "#0"},
				"west": {"uv": [13.5, 2, 14.25, 2.5], "texture": "#0"},
				"up": {"uv": [0.5, 15.25, 0.25, 14.5], "texture": "#0"},
				"down": {"uv": [0.75, 14.5, 0.5, 15.25], "texture": "#0"}
			}
		},
		{
			"name": "arch2",
			"from": [3, 13, 13],
			"to": [8, 14.5, 16],
			"rotation": {"angle": 0, "axis": "y", "origin": [8, 8, 21]},
			"faces": {
				"north": {"uv": [11.5, 12, 12.75, 12.5], "texture": "#0"},
				"east": {"uv": [13.5, 3.5, 14.25, 4], "texture": "#0"},
				"south": {"uv": [0, 12.25, 1.25, 12.75], "texture": "#0"},
				"west": {"uv": [13.5, 5, 14.25, 5.5], "texture": "#0"},
				"up": {"uv": [12.25, 7.25, 11, 6.5], "texture": "#0"},
				"down": {"uv": [1.25, 11.25, 0, 12], "texture": "#0"}
			}
		},
		{
			"name": "arch3",
			"from": [10, 8, 13],
			"to": [11, 10.5, 16],
			"rotation": {"angle": 0, "axis": "y", "origin": [8, 8, 21]},
			"faces": {
				"north": {"uv": [0.75, 14.5, 1, 15.25], "texture": "#0"},
				"east": {"uv": [12.25, 5.5, 13, 6.25], "texture": "#0"},
				"south": {"uv": [1, 14.5, 1.25, 15.25], "texture": "#0"},
				"west": {"uv": [12.25, 6.25, 13, 7], "texture": "#0"},
				"up": {"uv": [1.5, 15.25, 1.25, 14.5], "texture": "#0"},
				"down": {"uv": [1.75, 14.5, 1.5, 15.25], "texture": "#0"}
			}
		},
		{
			"name": "arch4",
			"from": [0, 8, 13],
			"to": [1, 10.5, 16],
			"rotation": {"angle": 0, "axis": "y", "origin": [8, 8, 21]},
			"faces": {
				"north": {"uv": [1.75, 14.5, 2, 15.25], "texture": "#0"},
				"east": {"uv": [12.25, 8.25, 13, 9], "texture": "#0"},
				"south": {"uv": [2, 14.5, 2.25, 15.25], "texture": "#0"},
				"west": {"uv": [12.25, 9, 13, 9.75], "texture": "#0"},
				"up": {"uv": [2.5, 15.25, 2.25, 14.5], "texture": "#0"},
				"down": {"uv": [2.75, 14.5, 2.5, 15.25], "texture": "#0"}
			}
		},
		{
			"name": "arch5",
			"from": [9, 10, 13],
			"to": [10, 12, 16],
			"rotation": {"angle": 0, "axis": "y", "origin": [8, 8, 21]},
			"faces": {
				"north": {"uv": [14.5, 11.25, 14.75, 11.75], "texture": "#0"},
				"east": {"uv": [13.5, 5.5, 14.25, 6], "texture": "#0"},
				"south": {"uv": [14.5, 11.75, 14.75, 12.25], "texture": "#0"},
				"west": {"uv": [13.5, 6, 14.25, 6.5], "texture": "#0"},
				"up": {"uv": [3, 15.25, 2.75, 14.5], "texture": "#0"},
				"down": {"uv": [3.25, 14.5, 3, 15.25], "texture": "#0"}
			}
		},
		{
			"name": "arch6",
			"from": [1, 10, 13],
			"to": [2, 12, 16],
			"rotation": {"angle": 0, "axis": "y", "origin": [8, 8, 21]},
			"faces": {
				"north": {"uv": [14.5, 12.25, 14.75, 12.75], "texture": "#0"},
				"east": {"uv": [13.5, 6.5, 14.25, 7], "texture": "#0"},
				"south": {"uv": [7.25, 14.75, 7.5, 15.25], "texture": "#0"},
				"west": {"uv": [13.5, 7.75, 14.25, 8.25], "texture": "#0"},
				"up": {"uv": [3.5, 15.25, 3.25, 14.5], "texture": "#0"},
				"down": {"uv": [3.75, 14.5, 3.5, 15.25], "texture": "#0"}
			}
		},
		{
			"name": "arch7",
			"from": [8, 11.5, 13],
			"to": [9, 13.5, 16],
			"rotation": {"angle": 0, "axis": "y", "origin": [8, 8, 21]},
			"faces": {
				"north": {"uv": [7.5, 14.75, 7.75, 15.25], "texture": "#0"},
				"east": {"uv": [13.5, 8.25, 14.25, 8.75], "texture": "#0"},
				"south": {"uv": [7.75, 14.75, 8, 15.25], "texture": "#0"},
				"west": {"uv": [13.5, 8.75, 14.25, 9.25], "texture": "#0"},
				"up": {"uv": [4, 15.25, 3.75, 14.5], "texture": "#0"},
				"down": {"uv": [4.25, 14.5, 4, 15.25], "texture": "#0"}
			}
		},
		{
			"name": "arch1",
			"from": [2, 11.5, 7],
			"to": [3, 13.5, 9],
			"rotation": {"angle": 0, "axis": "y", "origin": [8, 8, 14]},
			"faces": {
				"north": {"uv": [8, 14.75, 8.25, 15.25], "texture": "#0"},
				"east": {"uv": [7, 14, 7.5, 14.5], "texture": "#0"},
				"south": {"uv": [8.25, 14.75, 8.5, 15.25], "texture": "#0"},
				"west": {"uv": [7.5, 14, 8, 14.5], "texture": "#0"},
				"up": {"uv": [8.75, 15.25, 8.5, 14.75], "texture": "#0"},
				"down": {"uv": [9, 14.75, 8.75, 15.25], "texture": "#0"}
			}
		},
		{
			"name": "arch2",
			"from": [3, 13, 7],
			"to": [8, 14.5, 9],
			"rotation": {"angle": 0, "axis": "y", "origin": [8, 8, 14]},
			"faces": {
				"north": {"uv": [1.25, 12.25, 2.5, 12.75], "texture": "#0"},
				"east": {"uv": [8, 14, 8.5, 14.5], "texture": "#0"},
				"south": {"uv": [7.75, 12.25, 9, 12.75], "texture": "#0"},
				"west": {"uv": [8.5, 14, 9, 14.5], "texture": "#0"},
				"up": {"uv": [10.25, 12.75, 9, 12.25], "texture": "#0"},
				"down": {"uv": [13.5, 5, 12.25, 5.5], "texture": "#0"}
			}
		},
		{
			"name": "arch3",
			"from": [10, 8, 7],
			"to": [11, 10.5, 9],
			"rotation": {"angle": 0, "axis": "y", "origin": [8, 8, 14]},
			"faces": {
				"north": {"uv": [4.25, 14.5, 4.5, 15.25], "texture": "#0"},
				"east": {"uv": [13.5, 9.25, 14, 10], "texture": "#0"},
				"south": {"uv": [4.5, 14.5, 4.75, 15.25], "texture": "#0"},
				"west": {"uv": [0, 13.75, 0.5, 14.5], "texture": "#0"},
				"up": {"uv": [9.25, 15.25, 9, 14.75], "texture": "#0"},
				"down": {"uv": [9.5, 14.75, 9.25, 15.25], "texture": "#0"}
			}
		},
		{
			"name": "arch4",
			"from": [0, 8, 7],
			"to": [1, 10.5, 9],
			"rotation": {"angle": 0, "axis": "y", "origin": [8, 8, 14]},
			"faces": {
				"north": {"uv": [4.75, 14.5, 5, 15.25], "texture": "#0"},
				"east": {"uv": [0.5, 13.75, 1, 14.5], "texture": "#0"},
				"south": {"uv": [5, 14.5, 5.25, 15.25], "texture": "#0"},
				"west": {"uv": [4.5, 13.75, 5, 14.5], "texture": "#0"},
				"up": {"uv": [9.75, 15.25, 9.5, 14.75], "texture": "#0"},
				"down": {"uv": [10, 14.75, 9.75, 15.25], "texture": "#0"}
			}
		},
		{
			"name": "arch5",
			"from": [9, 10, 7],
			"to": [10, 12, 9],
			"rotation": {"angle": 0, "axis": "y", "origin": [8, 8, 14]},
			"faces": {
				"north": {"uv": [10, 14.75, 10.25, 15.25], "texture": "#0"},
				"east": {"uv": [9, 14, 9.5, 14.5], "texture": "#0"},
				"south": {"uv": [10.25, 14.75, 10.5, 15.25], "texture": "#0"},
				"west": {"uv": [9.5, 14, 10, 14.5], "texture": "#0"},
				"up": {"uv": [10.75, 15.25, 10.5, 14.75], "texture": "#0"},
				"down": {"uv": [11, 14.75, 10.75, 15.25], "texture": "#0"}
			}
		},
		{
			"name": "arch6",
			"from": [1, 10, 7],
			"to": [2, 12, 9],
			"rotation": {"angle": 0, "axis": "y", "origin": [8, 8, 14]},
			"faces": {
				"north": {"uv": [11, 14.75, 11.25, 15.25], "texture": "#0"},
				"east": {"uv": [10, 14, 10.5, 14.5], "texture": "#0"},
				"south": {"uv": [11.25, 14.75, 11.5, 15.25], "texture": "#0"},
				"west": {"uv": [10.5, 14, 11, 14.5], "texture": "#0"},
				"up": {"uv": [11.75, 15.25, 11.5, 14.75], "texture": "#0"},
				"down": {"uv": [12, 14.75, 11.75, 15.25], "texture": "#0"}
			}
		},
		{
			"name": "arch7",
			"from": [8, 11.5, 7],
			"to": [9, 13.5, 9],
			"rotation": {"angle": 0, "axis": "y", "origin": [8, 8, 14]},
			"faces": {
				"north": {"uv": [12, 14.75, 12.25, 15.25], "texture": "#0"},
				"east": {"uv": [11, 14, 11.5, 14.5], "texture": "#0"},
				"south": {"uv": [12.25, 14.75, 12.5, 15.25], "texture": "#0"},
				"west": {"uv": [11.5, 14, 12, 14.5], "texture": "#0"},
				"up": {"uv": [12.75, 15.25, 12.5, 14.75], "texture": "#0"},
				"down": {"uv": [13, 14.75, 12.75, 15.25], "texture": "#0"}
			}
		},
		{
			"name": "filling",
			"from": [1, 8, 0.5],
			"to": [10, 10, 15.5],
			"faces": {
				"north": {"uv": [5.5, 5, 7.75, 5.5], "texture": "#0"},
				"east": {"uv": [8, 7.25, 11.75, 7.75], "texture": "#0"},
				"south": {"uv": [10.75, 7.75, 13, 8.25], "texture": "#0"},
				"west": {"uv": [10, 2.5, 13.75, 3], "texture": "#0"},
				"up": {"uv": [7.75, 3.75, 5.5, 0], "texture": "#0"},
				"down": {"uv": [4.75, 6.75, 2.5, 10.5], "texture": "#0"}
			}
		},
		{
			"name": "filling",
			"from": [2, 10, 0.5],
			"to": [9, 11.6, 15.5],
			"faces": {
				"north": {"uv": [11.5, 11.5, 13.25, 12], "texture": "#0"},
				"east": {"uv": [10, 3, 13.75, 3.5], "texture": "#0"},
				"south": {"uv": [11.5, 10.75, 13.25, 11.25], "texture": "#0"},
				"west": {"uv": [7.75, 10.75, 11.5, 11.25], "texture": "#0"},
				"up": {"uv": [9.75, 7.25, 8, 3.5], "texture": "#0"},
				"down": {"uv": [6.5, 9.25, 4.75, 13], "texture": "#0"}
			}
		},
		{
			"name": "filling",
			"from": [3, 11.6, 0.5],
			"to": [8, 13, 15.5],
			"faces": {
				"north": {"uv": [13.75, 13.75, 15, 14], "texture": "#0"},
				"east": {"uv": [7.75, 11.25, 11.5, 11.5], "texture": "#0"},
				"south": {"uv": [13.75, 2.5, 15, 2.75], "texture": "#0"},
				"west": {"uv": [7.75, 11.5, 11.5, 11.75], "texture": "#0"},
				"up": {"uv": [7.75, 13, 6.5, 9.25], "texture": "#0"},
				"down": {"uv": [11, 3.5, 9.75, 7.25], "texture": "#0"}
			}
		},
		{
			"name": "hook1",
			"from": [7, 3, 0.3],
			"to": [8, 5, 0.8],
			"rotation": {"angle": 0, "axis": "y", "origin": [8, 9, 8.3]},
			"faces": {
				"north": {"uv": [13, 14.75, 13.25, 15.25], "texture": "#0"},
				"east": {"uv": [13.25, 14.75, 13.5, 15.25], "texture": "#0"},
				"south": {"uv": [13.5, 14.75, 13.75, 15.25], "texture": "#0"},
				"west": {"uv": [13.75, 14.75, 14, 15.25], "texture": "#0"},
				"up": {"uv": [7.75, 14, 7.5, 13.75], "texture": "#0"},
				"down": {"uv": [15, 13, 14.75, 13.25], "texture": "#0"}
			}
		},
		{
			"name": "hook2",
			"from": [3, 3, 0.3],
			"to": [4, 5, 0.8],
			"rotation": {"angle": 0, "axis": "y", "origin": [8, 9, 8.3]},
			"faces": {
				"north": {"uv": [14, 14.75, 14.25, 15.25], "texture": "#0"},
				"east": {"uv": [14.25, 14.75, 14.5, 15.25], "texture": "#0"},
				"south": {"uv": [14.5, 14.75, 14.75, 15.25], "texture": "#0"},
				"west": {"uv": [14.75, 14.75, 15, 15.25], "texture": "#0"},
				"up": {"uv": [15, 14.75, 14.75, 14.5], "texture": "#0"},
				"down": {"uv": [15.25, 15, 15, 15.25], "texture": "#0"}
			}
		},
		{
			"name": "hook3",
			"from": [3.5, 5, 0.3],
			"to": [7.5, 6, 0.8],
			"rotation": {"angle": 0, "axis": "y", "origin": [8, 9, 8.3]},
			"faces": {
				"north": {"uv": [10.5, 11.75, 11.5, 12], "texture": "#0"},
				"east": {"uv": [15, 0.75, 15.25, 1], "texture": "#0"},
				"south": {"uv": [13.75, 3.25, 14.75, 3.5], "texture": "#0"},
				"west": {"uv": [15, 1, 15.25, 1.25], "texture": "#0"},
				"up": {"uv": [14.75, 7.25, 13.75, 7], "texture": "#0"},
				"down": {"uv": [13, 14, 12, 14.25], "texture": "#0"}
			}
		},
		{
			"name": "hook4",
			"from": [3.5, 2, 0.3],
			"to": [7.5, 3, 0.8],
			"rotation": {"angle": 0, "axis": "y", "origin": [8, 9, 8.3]},
			"faces": {
				"north": {"uv": [13, 14, 14, 14.25], "texture": "#0"},
				"east": {"uv": [15, 1.25, 15.25, 1.5], "texture": "#0"},
				"south": {"uv": [14, 14, 15, 14.25], "texture": "#0"},
				"west": {"uv": [15, 1.5, 15.25, 1.75], "texture": "#0"},
				"up": {"uv": [15, 4.25, 14, 4], "texture": "#0"},
				"down": {"uv": [15, 9.25, 14, 9.5], "texture": "#0"}
			}
		},
		{
			"name": "connect",
			"from": [5, 4, 0.1],
			"to": [6, 7, 0.9],
			"rotation": {"angle": 0, "axis": "y", "origin": [8, 9, 8]},
			"faces": {
				"north": {"uv": [5.25, 14.5, 5.5, 15.25], "texture": "#0"},
				"east": {"uv": [5.5, 14.5, 5.75, 15.25], "texture": "#0"},
				"south": {"uv": [5.75, 14.5, 6, 15.25], "texture": "#0"},
				"west": {"uv": [6, 14.5, 6.25, 15.25], "texture": "#0"},
				"up": {"uv": [15.25, 2, 15, 1.75], "texture": "#0"},
				"down": {"uv": [15.25, 2, 15, 2.25], "texture": "#0"}
			}
		},
		{
			"name": "connect",
			"from": [5, 4, 15.1],
			"to": [6, 7, 15.9],
			"rotation": {"angle": 0, "axis": "y", "origin": [8, 9, 23]},
			"faces": {
				"north": {"uv": [6.25, 14.5, 6.5, 15.25], "texture": "#0"},
				"east": {"uv": [6.5, 14.5, 6.75, 15.25], "texture": "#0"},
				"south": {"uv": [6.75, 14.5, 7, 15.25], "texture": "#0"},
				"west": {"uv": [7, 14.5, 7.25, 15.25], "texture": "#0"},
				"up": {"uv": [15.25, 2.5, 15, 2.25], "texture": "#0"},
				"down": {"uv": [15.25, 2.5, 15, 2.75], "texture": "#0"}
			}
		},
		{
			"name": "hook1",
			"from": [7, 3, 15.3],
			"to": [8, 5, 15.8],
			"rotation": {"angle": 0, "axis": "y", "origin": [8, 9, 23.3]},
			"faces": {
				"north": {"uv": [14.75, 0.75, 15, 1.25], "texture": "#0"},
				"east": {"uv": [14.75, 1.25, 15, 1.75], "texture": "#0"},
				"south": {"uv": [14.75, 1.75, 15, 2.25], "texture": "#0"},
				"west": {"uv": [14.75, 2.75, 15, 3.25], "texture": "#0"},
				"up": {"uv": [15.25, 3, 15, 2.75], "texture": "#0"},
				"down": {"uv": [15.25, 3, 15, 3.25], "texture": "#0"}
			}
		},
		{
			"name": "hook2",
			"from": [3, 3, 15.3],
			"to": [4, 5, 15.8],
			"rotation": {"angle": 0, "axis": "y", "origin": [8, 9, 23.3]},
			"faces": {
				"north": {"uv": [14.75, 4.5, 15, 5], "texture": "#0"},
				"east": {"uv": [14.75, 5.25, 15, 5.75], "texture": "#0"},
				"south": {"uv": [14.75, 5.75, 15, 6.25], "texture": "#0"},
				"west": {"uv": [14.75, 7, 15, 7.5], "texture": "#0"},
				"up": {"uv": [15.25, 3.75, 15, 3.5], "texture": "#0"},
				"down": {"uv": [15.25, 3.75, 15, 4], "texture": "#0"}
			}
		},
		{
			"name": "hook3",
			"from": [3.5, 5, 15.3],
			"to": [7.5, 6, 15.8],
			"rotation": {"angle": 0, "axis": "y", "origin": [8, 9, 23.3]},
			"faces": {
				"north": {"uv": [14, 9.5, 15, 9.75], "texture": "#0"},
				"east": {"uv": [15, 4, 15.25, 4.25], "texture": "#0"},
				"south": {"uv": [14, 9.75, 15, 10], "texture": "#0"},
				"west": {"uv": [15, 4.25, 15.25, 4.5], "texture": "#0"},
				"up": {"uv": [15, 11, 14, 10.75], "texture": "#0"},
				"down": {"uv": [15, 11, 14, 11.25], "texture": "#0"}
			}
		},
		{
			"name": "hook4",
			"from": [3.5, 2, 15.3],
			"to": [7.5, 3, 15.8],
			"rotation": {"angle": 0, "axis": "y", "origin": [8, 9, 23.3]},
			"faces": {
				"north": {"uv": [12, 14.25, 13, 14.5], "texture": "#0"},
				"east": {"uv": [15, 4.5, 15.25, 4.75], "texture": "#0"},
				"south": {"uv": [13, 14.25, 14, 14.5], "texture": "#0"},
				"west": {"uv": [15, 4.75, 15.25, 5], "texture": "#0"},
				"up": {"uv": [15, 14.5, 14, 14.25], "texture": "#0"},
				"down": {"uv": [15.25, 0, 14.25, 0.25], "texture": "#0"}
			}
		},
		{
			"name": "lock1",
			"from": [10, 6.5, 6],
			"to": [11.5, 7.5, 10],
			"rotation": {"angle": 0, "axis": "y", "origin": [8, 9, 8]},
			"faces": {
				"north": {"uv": [14.5, 6.25, 15, 6.5], "texture": "#0"},
				"east": {"uv": [14.25, 0.25, 15.25, 0.5], "texture": "#0"},
				"south": {"uv": [14.75, 3.25, 15.25, 3.5], "texture": "#0"},
				"west": {"uv": [14.25, 0.5, 15.25, 0.75], "texture": "#0"},
				"up": {"uv": [0.5, 13.75, 0, 12.75], "texture": "#0"},
				"down": {"uv": [1, 12.75, 0.5, 13.75], "texture": "#0"}
			}
		},
		{
			"name": "lock3",
			"from": [10, 4.5, 9.5],
			"to": [11.5, 6.5, 10.5],
			"rotation": {"angle": 0, "axis": "y", "origin": [8, 9, 8]},
			"faces": {
				"north": {"uv": [14.25, 0.75, 14.75, 1.25], "texture": "#0"},
				"east": {"uv": [14.75, 7.5, 15, 8], "texture": "#0"},
				"south": {"uv": [14.25, 1.25, 14.75, 1.75], "texture": "#0"},
				"west": {"uv": [14.75, 8, 15, 8.5], "texture": "#0"},
				"up": {"uv": [15.25, 8.75, 14.75, 8.5], "texture": "#0"},
				"down": {"uv": [15.25, 8.75, 14.75, 9], "texture": "#0"}
			}
		},
		{
			"name": "lock4",
			"from": [10, 4.5, 5.5],
			"to": [11.5, 6.5, 6.5],
			"rotation": {"angle": 0, "axis": "y", "origin": [8, 9, 8]},
			"faces": {
				"north": {"uv": [14.25, 1.75, 14.75, 2.25], "texture": "#0"},
				"east": {"uv": [14.75, 11.25, 15, 11.75], "texture": "#0"},
				"south": {"uv": [14.25, 2.75, 14.75, 3.25], "texture": "#0"},
				"west": {"uv": [14.75, 11.75, 15, 12.25], "texture": "#0"},
				"up": {"uv": [15.25, 9.25, 14.75, 9], "texture": "#0"},
				"down": {"uv": [15.25, 10.5, 14.75, 10.75], "texture": "#0"}
			}
		},
		{
			"name": "lock5",
			"from": [10, 4, 6.5],
			"to": [11.5, 5, 9.5],
			"rotation": {"angle": 0, "axis": "y", "origin": [8, 9, 8]},
			"faces": {
				"north": {"uv": [14.75, 12.25, 15.25, 12.5], "texture": "#0"},
				"east": {"uv": [4.75, 9, 5.5, 9.25], "texture": "#0"},
				"south": {"uv": [14.75, 12.5, 15.25, 12.75], "texture": "#0"},
				"west": {"uv": [14.25, 2.25, 15, 2.5], "texture": "#0"},
				"up": {"uv": [5.5, 14.5, 5, 13.75], "texture": "#0"},
				"down": {"uv": [6, 13.75, 5.5, 14.5], "texture": "#0"}
			}
		},
		{
			"name": "floor2",
			"from": [8.5, 0, 13.5],
			"to": [11.5, 1, 16.5],
			"faces": {
				"north": {"uv": [14.25, 3.5, 15, 3.75], "texture": "#0"},
				"east": {"uv": [14.25, 3.75, 15, 4], "texture": "#0"},
				"south": {"uv": [14.25, 6.5, 15, 6.75], "texture": "#0"},
				"west": {"uv": [14.25, 6.75, 15, 7], "texture": "#0"},
				"up": {"uv": [13, 10.5, 12.25, 9.75], "texture": "#0"},
				"down": {"uv": [3.25, 12.5, 2.5, 13.25], "texture": "#0"}
			}
		},
		{
			"name": "floor3",
			"from": [8.5, 0, -0.5],
			"to": [11.5, 1, 2.5],
			"faces": {
				"north": {"uv": [14.25, 10, 15, 10.25], "texture": "#0"},
				"east": {"uv": [14.25, 10.25, 15, 10.5], "texture": "#0"},
				"south": {"uv": [14.25, 12.75, 15, 13], "texture": "#0"},
				"west": {"uv": [14.25, 13.25, 15, 13.5], "texture": "#0"},
				"up": {"uv": [4, 13.25, 3.25, 12.5], "texture": "#0"},
				"down": {"uv": [4.75, 12.5, 4, 13.25], "texture": "#0"}
			}
		},
		{
			"name": "floor4",
			"from": [-0.5, 0, -0.5],
			"to": [2.5, 1, 2.5],
			"faces": {
				"north": {"uv": [14.25, 13.5, 15, 13.75], "texture": "#0"},
				"east": {"uv": [7.25, 14.5, 8, 14.75], "texture": "#0"},
				"south": {"uv": [8, 14.5, 8.75, 14.75], "texture": "#0"},
				"west": {"uv": [8.75, 14.5, 9.5, 14.75], "texture": "#0"},
				"up": {"uv": [11, 13.25, 10.25, 12.5], "texture": "#0"},
				"down": {"uv": [11.75, 12.5, 11, 13.25], "texture": "#0"}
			}
		},
		{
			"name": "floor5",
			"from": [-0.5, 0, 13.5],
			"to": [2.5, 1, 16.5],
			"faces": {
				"north": {"uv": [9.5, 14.5, 10.25, 14.75], "texture": "#0"},
				"east": {"uv": [10.25, 14.5, 11, 14.75], "texture": "#0"},
				"south": {"uv": [11, 14.5, 11.75, 14.75], "texture": "#0"},
				"west": {"uv": [11.75, 14.5, 12.5, 14.75], "texture": "#0"},
				"up": {"uv": [12.5, 13.25, 11.75, 12.5], "texture": "#0"},
				"down": {"uv": [13.25, 12.5, 12.5, 13.25], "texture": "#0"}
			}
		},
		{
			"name": "floor6",
			"from": [0, 0, 2.5],
			"to": [11, 1, 13.5],
			"faces": {
				"north": {"uv": [1.25, 11.75, 4, 12], "texture": "#0"},
				"east": {"uv": [7.75, 11.75, 10.5, 12], "texture": "#0"},
				"south": {"uv": [11.75, 7.25, 14.5, 7.5], "texture": "#0"},
				"west": {"uv": [11.75, 7.5, 14.5, 7.75], "texture": "#0"},
				"up": {"uv": [5.5, 2.75, 2.75, 0], "texture": "#0"},
				"down": {"uv": [10.75, 8, 8, 10.75], "texture": "#0"}
			}
		},
		{
			"name": "floor7",
			"from": [2.5, 0, 0],
			"to": [8.5, 1, 2.5],
			"faces": {
				"north": {"uv": [12.25, 7, 13.75, 7.25], "texture": "#0"},
				"east": {"uv": [12.5, 14.5, 13.25, 14.75], "texture": "#0"},
				"south": {"uv": [12.5, 4, 14, 4.25], "texture": "#0"},
				"west": {"uv": [13.25, 14.5, 14, 14.75], "texture": "#0"},
				"up": {"uv": [12.25, 9, 10.75, 8.25], "texture": "#0"},
				"down": {"uv": [12.25, 9, 10.75, 9.75], "texture": "#0"}
			}
		},
		{
			"name": "floor1",
			"from": [2.5, 0, 13.5],
			"to": [8.5, 1, 16],
			"faces": {
				"north": {"uv": [13.25, 13, 14.75, 13.25], "texture": "#0"},
				"east": {"uv": [14, 14.5, 14.75, 14.75], "texture": "#0"},
				"south": {"uv": [6, 13.75, 7.5, 14], "texture": "#0"},
				"west": {"uv": [14.5, 5, 15.25, 5.25], "texture": "#0"},
				"up": {"uv": [12.25, 10.5, 10.75, 9.75], "texture": "#0"},
				"down": {"uv": [12.5, 3.5, 11, 4.25], "texture": "#0"}
			}
		}
	],
	"display": {
		"thirdperson_righthand": {
			"rotation": [0, 90, 45],
			"scale": [0.5, 0.5, 0.5]
		},
		"thirdperson_lefthand": {
			"rotation": [45, -90, 0],
			"scale": [0.5, 0.5, 0.5]
		},
		"firstperson_righthand": {
			"rotation": [0, -120, 0],
			"translation": [0, 2, -6]
		},
		"firstperson_lefthand": {
			"rotation": [0, 60, 0],
			"translation": [0, 2, -6]
		},
		"ground": {
			"translation": [1, 3, 1]
		},
		"gui": {
			"rotation": [0, -45, 0],
			"translation": [1.5, -1, 0],
			"scale": [0.85, 0.85, 0.85]
		},
		"head": {
			"rotation": [0, 90, 0],
			"translation": [0, 1.5, -5]
		},
		"fixed": {
			"rotation": [0, 90, 0],
			"translation": [0, 0, -4]
		}
	}
}