{
	"credit": "Made with Blockbench",
	"texture_size": [64, 64],
	"textures": {
		"0": "custom/diamond_hoe_1001"
	},
	"elements": [
		{
			"from": [4, 2, 5],
			"to": [12, 10, 13],
			"rotation": {"angle": 0, "axis": "y", "origin": [12, 10, 13]},
			"color": 0,
			"faces": {
				"north": {"uv": [0, 0, 16, 16], "texture": "#0"},
				"east": {"uv": [0, 0, 16, 16], "texture": "#0"},
				"south": {"uv": [0, 0, 16, 16], "texture": "#0"},
				"west": {"uv": [0, 0, 16, 16], "texture": "#0"},
				"up": {"uv": [0, 0, 16, 16], "texture": "#0"},
				"down": {"uv": [0, 0, 16, 16], "texture": "#0", "cullface": "down"}
			}
		},
		{
			"from": [5, 3, 9],
			"to": [13, 11, 17],
			"rotation": {"angle": -22.5, "axis": "x", "origin": [13, 3, 17]},
			"color": 0,
			"faces": {
				"north": {"uv": [0, 0, 16, 16], "rotation": 180, "texture": "#0", "cullface": "down"},
				"east": {"uv": [0, 0, 16, 16], "rotation": 270, "texture": "#0"},
				"south": {"uv": [0, 0, 16, 16], "texture": "#0"},
				"west": {"uv": [0, 0, 16, 16], "rotation": 90, "texture": "#0"},
				"up": {"uv": [0, 0, 16, 16], "rotation": 180, "texture": "#0"},
				"down": {"uv": [0, 0, 16, 16], "texture": "#0", "cullface": "down"}
			}
		},
		{
			"from": [5, 6, 9],
			"to": [13, 14, 17],
			"rotation": {"angle": 45, "axis": "x", "origin": [13, 14, 17]},
			"color": 0,
			"faces": {
				"north": {"uv": [0, 0, 16, 16], "texture": "#0"},
				"east": {"uv": [0, 0, 16, 16], "texture": "#0"},
				"south": {"uv": [0, 0, 16, 16], "texture": "#0"},
				"west": {"uv": [0, 0, 16, 16], "texture": "#0"},
				"up": {"uv": [0, 0, 16, 16], "texture": "#0"},
				"down": {"uv": [0, 0, 16, 16], "texture": "#0"}
			}
		},
		{
			"from": [8, 2, 3.34315],
			"to": [16, 10, 11.34315],
			"rotation": {"angle": -22.5, "axis": "z", "origin": [12, 6, 7.34315]},
			"color": 0,
			"faces": {
				"north": {"uv": [0, 0, 16, 16], "rotation": 90, "texture": "#0"},
				"east": {"uv": [0, 0, 16, 16], "rotation": 270, "texture": "#0", "cullface": "down"},
				"south": {"uv": [0, 0, 16, 16], "rotation": 90, "texture": "#0"},
				"west": {"uv": [0, 0, 16, 16], "rotation": 90, "texture": "#0"},
				"up": {"uv": [0, 0, 16, 16], "rotation": 180, "texture": "#0"},
				"down": {"uv": [0, 0, 16, 16], "texture": "#0", "cullface": "down"}
			}
		},
		{
			"from": [8, 15, 3.34315],
			"to": [15, 22, 10.34315],
			"rotation": {"angle": -22.5, "axis": "z", "origin": [12, 18, 7.34315]},
			"color": 0,
			"faces": {
				"north": {"uv": [0, 0, 16, 16], "rotation": 90, "texture": "#0"},
				"east": {"uv": [0, 0, 16, 16], "rotation": 270, "texture": "#0"},
				"south": {"uv": [0, 0, 16, 16], "rotation": 90, "texture": "#0"},
				"west": {"uv": [0, 0, 16, 16], "rotation": 90, "texture": "#0"},
				"up": {"uv": [0, 0, 16, 16], "rotation": 180, "texture": "#0"},
				"down": {"uv": [0, 0, 16, 16], "texture": "#0"}
			}
		},
		{
			"from": [8, 20, 4.34315],
			"to": [13, 28, 10.34315],
			"rotation": {"angle": 22.5, "axis": "z", "origin": [12, 24, 6.34315]},
			"color": 0,
			"faces": {
				"north": {"uv": [0, 0, 16, 16], "rotation": 90, "texture": "#0"},
				"east": {"uv": [0, 0, 2, 1.5], "rotation": 270, "texture": "#0"},
				"south": {"uv": [0, 0, 16, 16], "rotation": 90, "texture": "#0"},
				"west": {"uv": [0, 0, 2, 1.5], "rotation": 90, "texture": "#0"},
				"up": {"uv": [0, 0, 1.25, 1.5], "rotation": 180, "texture": "#0", "cullface": "up"}
			}
		},
		{
			"from": [8, 24.9, 6.74315],
			"to": [12, 28.9, 10.74315],
			"rotation": {"angle": 22.5, "axis": "y", "origin": [12, 28.9, 6.74315]},
			"color": 0,
			"faces": {
				"north": {"uv": [0, 0, 16, 16], "rotation": 90, "texture": "#0"},
				"east": {"uv": [0, 0, 16, 16], "rotation": 270, "texture": "#0"},
				"south": {"uv": [0, 0, 16, 16], "rotation": 90, "texture": "#0"},
				"west": {"uv": [0, 0, 16, 16], "rotation": 90, "texture": "#0"},
				"up": {"uv": [0, 0, 16, 16], "rotation": 180, "texture": "#0", "cullface": "up"},
				"down": {"uv": [0, 0, 16, 16], "texture": "#0"}
			}
		},
		{
			"from": [8, 27.9, 6.74315],
			"to": [12, 31.9, 10.74315],
			"rotation": {"angle": -22.5, "axis": "y", "origin": [8, 31.9, 6.74315]},
			"color": 0,
			"faces": {
				"north": {"uv": [0, 0, 16, 16], "rotation": 270, "texture": "#0", "cullface": "up"},
				"east": {"uv": [0, 0, 16, 16], "rotation": 90, "texture": "#0", "cullface": "up"},
				"south": {"uv": [0, 0, 16, 16], "rotation": 90, "texture": "#0", "cullface": "up"},
				"west": {"uv": [0, 0, 16, 16], "rotation": 90, "texture": "#0", "cullface": "up"},
				"up": {"uv": [0, 0, 16, 16], "rotation": 90, "texture": "#0", "cullface": "up"},
				"down": {"uv": [0, 0, 16, 16], "rotation": 90, "texture": "#0", "cullface": "up"}
			}
		},
		{
			"from": [6, 19.6, 6.74315],
			"to": [11, 27.6, 12.74315],
			"rotation": {"angle": -22.5, "axis": "z", "origin": [10, 23.6, 8.74315]},
			"color": 0,
			"faces": {
				"north": {"uv": [0, 0, 16, 16], "rotation": 90, "texture": "#0"},
				"east": {"uv": [0, 0, 2, 1.5], "rotation": 270, "texture": "#0"},
				"south": {"uv": [0, 0, 16, 16], "rotation": 90, "texture": "#0"},
				"west": {"uv": [0, 0, 2, 1.5], "rotation": 90, "texture": "#0"},
				"up": {"uv": [0, 0, 1.25, 1.5], "rotation": 180, "texture": "#0", "cullface": "up"},
				"down": {"uv": [0, 0, 1.25, 1.5], "texture": "#0"}
			}
		},
		{
			"from": [4, -7, 6],
			"to": [12, 1, 14],
			"rotation": {"angle": -45, "axis": "z", "origin": [12, 1, 14]},
			"color": 0,
			"faces": {
				"north": {"uv": [0, 0, 16, 16], "texture": "#0", "cullface": "down"},
				"east": {"uv": [0, 0, 16, 16], "texture": "#0", "cullface": "down"},
				"south": {"uv": [0, 0, 16, 16], "texture": "#0", "cullface": "down"},
				"west": {"uv": [0, 0, 16, 16], "texture": "#0", "cullface": "down"},
				"up": {"uv": [0, 0, 16, 16], "texture": "#0", "cullface": "down"},
				"down": {"uv": [0, 0, 16, 16], "texture": "#0", "cullface": "down"}
			}
		},
		{
			"from": [4, 5, 6],
			"to": [12, 13, 14],
			"rotation": {"angle": -45, "axis": "z", "origin": [12, 13, 14]},
			"color": 0,
			"faces": {
				"north": {"uv": [0, 0, 16, 16], "texture": "#0"},
				"east": {"uv": [0, 0, 16, 16], "texture": "#0"},
				"south": {"uv": [0, 0, 16, 16], "texture": "#0"},
				"west": {"uv": [0, 0, 16, 16], "texture": "#0"},
				"up": {"uv": [0, 0, 16, 16], "texture": "#0"},
				"down": {"uv": [0, 0, 16, 16], "texture": "#0"}
			}
		},
		{
			"from": [-1, 1, 6],
			"to": [7, 9, 14],
			"rotation": {"angle": -45, "axis": "y", "origin": [7, 1, 14]},
			"color": 0,
			"faces": {
				"north": {"uv": [0, 0, 16, 16], "rotation": 270, "texture": "#0", "cullface": "down"},
				"east": {"uv": [0, 0, 16, 16], "rotation": 90, "texture": "#0", "cullface": "down"},
				"south": {"uv": [0, 0, 16, 16], "rotation": 90, "texture": "#0", "cullface": "down"},
				"west": {"uv": [0, 0, 16, 16], "rotation": 90, "texture": "#0", "cullface": "down"},
				"up": {"uv": [0, 0, 16, 16], "rotation": 90, "texture": "#0", "cullface": "down"},
				"down": {"uv": [0, 0, 16, 16], "rotation": 90, "texture": "#0", "cullface": "down"}
			}
		},
		{
			"from": [-1, 13, 6],
			"to": [7, 21, 14],
			"rotation": {"angle": -45, "axis": "y", "origin": [7, 13, 14]},
			"color": 0,
			"faces": {
				"north": {"uv": [0, 0, 16, 16], "rotation": 270, "texture": "#0"},
				"east": {"uv": [0, 0, 16, 16], "rotation": 90, "texture": "#0"},
				"south": {"uv": [0, 0, 16, 16], "rotation": 90, "texture": "#0"},
				"west": {"uv": [0, 0, 16, 16], "rotation": 90, "texture": "#0"},
				"up": {"uv": [0, 0, 16, 16], "rotation": 90, "texture": "#0"},
				"down": {"uv": [0, 0, 16, 16], "rotation": 90, "texture": "#0"}
			}
		},
		{
			"from": [7, -3, 2],
			"to": [15, 5, 10],
			"rotation": {"angle": -22.5, "axis": "x", "origin": [11, 1, 6]},
			"color": 0,
			"faces": {
				"north": {"uv": [0, 0, 16, 16], "rotation": 270, "texture": "#0", "cullface": "down"},
				"east": {"uv": [0, 0, 16, 16], "rotation": 90, "texture": "#0", "cullface": "down"},
				"south": {"uv": [0, 0, 16, 16], "rotation": 90, "texture": "#0", "cullface": "down"},
				"west": {"uv": [0, 0, 16, 16], "rotation": 90, "texture": "#0", "cullface": "down"},
				"up": {"uv": [0, 0, 16, 16], "rotation": 90, "texture": "#0", "cullface": "down"},
				"down": {"uv": [0, 0, 16, 16], "rotation": 90, "texture": "#0", "cullface": "down"}
			}
		},
		{
			"from": [7, 10, 3],
			"to": [14, 17, 10],
			"rotation": {"angle": -22.5, "axis": "x", "origin": [11, 13, 6]},
			"color": 0,
			"faces": {
				"north": {"uv": [0, 0, 16, 16], "rotation": 270, "texture": "#0"},
				"east": {"uv": [0, 0, 16, 16], "rotation": 90, "texture": "#0"},
				"south": {"uv": [0, 0, 16, 16], "rotation": 90, "texture": "#0"},
				"west": {"uv": [0, 0, 16, 16], "rotation": 90, "texture": "#0"},
				"up": {"uv": [0, 0, 16, 16], "rotation": 90, "texture": "#0"},
				"down": {"uv": [0, 0, 16, 16], "rotation": 90, "texture": "#0"}
			}
		},
		{
			"from": [0, -3, 2],
			"to": [6, 3, 8],
			"rotation": {"angle": -22.5, "axis": "y", "origin": [2, 1, 6]},
			"color": 0,
			"faces": {
				"north": {"uv": [0, 0, 16, 16], "rotation": 270, "texture": "#0", "cullface": "down"},
				"east": {"uv": [0, 0, 16, 16], "rotation": 90, "texture": "#0", "cullface": "down"},
				"south": {"uv": [0, 0, 16, 16], "rotation": 90, "texture": "#0", "cullface": "down"},
				"west": {"uv": [0, 0, 16, 16], "rotation": 90, "texture": "#0", "cullface": "down"},
				"up": {"uv": [0, 0, 16, 16], "rotation": 90, "texture": "#0", "cullface": "down"},
				"down": {"uv": [0, 0, 16, 16], "rotation": 90, "texture": "#0", "cullface": "down"}
			}
		},
		{
			"from": [0, 9, 2],
			"to": [6, 15, 8],
			"rotation": {"angle": 22.5, "axis": "y", "origin": [2, 13, 6]},
			"color": 0,
			"faces": {
				"north": {"uv": [0, 0, 16, 16], "rotation": 270, "texture": "#0"},
				"east": {"uv": [0, 0, 16, 16], "rotation": 90, "texture": "#0"},
				"south": {"uv": [0, 0, 16, 16], "rotation": 90, "texture": "#0"},
				"west": {"uv": [0, 0, 16, 16], "rotation": 90, "texture": "#0"},
				"up": {"uv": [0, 0, 16, 16], "rotation": 90, "texture": "#0"},
				"down": {"uv": [0, 0, 16, 16], "rotation": 90, "texture": "#0", "cullface": "down"}
			}
		}
	]
}