{
	"credit": "Made with Blockbench",
	"texture_size": [64, 64],
	"textures": {
		"layer0": "custom/leather_leggings_21",
		"layer1": "custom/leather_leggings_21_overlay"
	},
	"elements": [

		{
			"from": [1, 0, 0],
			"to": [7, 2, 7],
			"rotation": {"angle": 0, "axis": "y", "origin": [9, 8, 9]},
			"faces": {
				"north": {"uv": [1.75, 4, 3.25, 4.5], "texture": "#layer1", "tintindex": 1},
				"east": {"uv": [0, 4, 1.75, 4.5], "texture": "#layer1", "tintindex": 1},
				"south": {"uv": [5, 4, 6.5, 4.5], "texture": "#layer1", "tintindex": 1},
				"west": {"uv": [3.25, 4, 5, 4.5], "texture": "#layer1", "tintindex": 1},
				"up": {"uv": [3.25, 4, 1.75, 2.25], "texture": "#layer1", "tintindex": 1},
				"down": {"uv": [4.75, 2.25, 3.25, 4], "texture": "#layer1", "tintindex": 1}
			}
		},
		{
			"from": [0, 0, 9],
			"to": [7, 2, 15],
			"rotation": {"angle": 0, "axis": "y", "origin": [9, 8, 17]},
			"faces": {
				"north": {"uv": [6.5, 6.5, 8.25, 7], "texture": "#layer1", "tintindex": 1},
				"east": {"uv": [5, 6.5, 6.5, 7], "texture": "#layer1", "tintindex": 1},
				"south": {"uv": [9.75, 6.5, 11.5, 7], "texture": "#layer1", "tintindex": 1},
				"west": {"uv": [8.25, 6.5, 9.75, 7], "texture": "#layer1", "tintindex": 1},
				"up": {"uv": [8.25, 6.5, 6.5, 5], "texture": "#layer1", "tintindex": 1},
				"down": {"uv": [10, 5, 8.25, 6.5], "texture": "#layer1", "tintindex": 1}
			}
		},
		{
			"from": [9, 0, 9],
			"to": [15, 2, 16],
			"rotation": {"angle": 0, "axis": "y", "origin": [17, 8, 17]},
			"faces": {
				"north": {"uv": [1.75, 1.75, 3.25, 2.25], "texture": "#layer1", "tintindex": 1},
				"east": {"uv": [0, 1.75, 1.75, 2.25], "texture": "#layer1", "tintindex": 1},
				"south": {"uv": [5, 1.75, 6.5, 2.25], "texture": "#layer1", "tintindex": 1},
				"west": {"uv": [3.25, 1.75, 5, 2.25], "texture": "#layer1", "tintindex": 1},
				"up": {"uv": [3.25, 1.75, 1.75, 0], "texture": "#layer1", "tintindex": 1},
				"down": {"uv": [4.75, 0, 3.25, 1.75], "texture": "#layer1", "tintindex": 1}
			}
		},
		{
			"from": [9, 0, 1],
			"to": [16, 2, 7],
			"rotation": {"angle": 0, "axis": "y", "origin": [17, 8, 9]},
			"faces": {
				"north": {"uv": [1.5, 6, 3.25, 6.5], "texture": "#layer1", "tintindex": 1},
				"east": {"uv": [0, 6, 1.5, 6.5], "texture": "#layer1", "tintindex": 1},
				"south": {"uv": [4.75, 6, 6.5, 6.5], "texture": "#layer1", "tintindex": 1},
				"west": {"uv": [3.25, 6, 4.75, 6.5], "texture": "#layer1", "tintindex": 1},
				"up": {"uv": [3.25, 6, 1.5, 4.5], "texture": "#layer1", "tintindex": 1},
				"down": {"uv": [5, 4.5, 3.25, 6], "texture": "#layer1", "tintindex": 1}
			}
		},
		{
			"from": [3, 2, 10],
			"to": [10, 4, 14],
			"rotation": {"angle": 0, "axis": "y", "origin": [10, 10, 10]},
			"faces": {
				"north": {"uv": [3.75, 10.5, 5.5, 11], "texture": "#layer1", "tintindex": 1},
				"east": {"uv": [2.75, 10.5, 3.75, 11], "texture": "#layer1", "tintindex": 1},
				"south": {"uv": [6.5, 10.5, 8.25, 11], "texture": "#layer1", "tintindex": 1},
				"west": {"uv": [5.5, 10.5, 6.5, 11], "texture": "#layer1", "tintindex": 1},
				"up": {"uv": [5.5, 10.5, 3.75, 9.5], "texture": "#layer1", "tintindex": 1},
				"down": {"uv": [7.25, 9.5, 5.5, 10.5], "texture": "#layer1", "tintindex": 1}
			}
		},
		{
			"from": [10, 2, 6],
			"to": [14, 4, 13],
			"rotation": {"angle": 0, "axis": "y", "origin": [18, 10, 10]},
			"faces": {
				"north": {"uv": [5.5, 8.75, 6.5, 9.25], "texture": "#layer1", "tintindex": 1},
				"east": {"uv": [3.75, 8.75, 5.5, 9.25], "texture": "#layer1", "tintindex": 1},
				"south": {"uv": [8.25, 8.75, 9.25, 9.25], "texture": "#layer1", "tintindex": 1},
				"west": {"uv": [6.5, 8.75, 8.25, 9.25], "texture": "#layer1", "tintindex": 1},
				"up": {"uv": [6.5, 8.75, 5.5, 7], "texture": "#layer1", "tintindex": 1},
				"down": {"uv": [7.5, 7, 6.5, 8.75], "texture": "#layer1", "tintindex": 1}
			}
		},
		{
			"from": [2, 2, 3],
			"to": [6, 4, 10],
			"rotation": {"angle": 0, "axis": "x", "origin": [4, 3, 3]},
			"faces": {
				"north": {"uv": [1.75, 8.25, 2.75, 8.75], "texture": "#layer1", "tintindex": 1},
				"east": {"uv": [0, 8.25, 1.75, 8.75], "texture": "#layer1", "tintindex": 1},
				"south": {"uv": [4.5, 8.25, 5.5, 8.75], "texture": "#layer1", "tintindex": 1},
				"west": {"uv": [2.75, 8.25, 4.5, 8.75], "texture": "#layer1", "tintindex": 1},
				"up": {"uv": [2.75, 8.25, 1.75, 6.5], "texture": "#layer1", "tintindex": 1},
				"down": {"uv": [3.75, 6.5, 2.75, 8.25], "texture": "#layer1", "tintindex": 1}
			}
		},
		{
			"from": [6, 2, 2],
			"to": [13, 4, 6],
			"rotation": {"angle": 0, "axis": "y", "origin": [10, 10, 2]},
			"faces": {
				"north": {"uv": [6.5, 4.5, 8.25, 5], "texture": "#layer1", "tintindex": 1},
				"east": {"uv": [5.5, 4.5, 6.5, 5], "texture": "#layer1", "tintindex": 1},
				"south": {"uv": [9.25, 4.5, 11, 5], "texture": "#layer1", "tintindex": 1},
				"west": {"uv": [8.25, 4.5, 9.25, 5], "texture": "#layer1", "tintindex": 1},
				"up": {"uv": [8.25, 4.5, 6.5, 3.5], "texture": "#layer1", "tintindex": 1},
				"down": {"uv": [10, 3.5, 8.25, 4.5], "texture": "#layer1", "tintindex": 1}
			}
		},
		{
			"from": [3, 7, 3],
			"to": [4, 8, 12],
			"rotation": {"angle": 0, "axis": "y", "origin": [11, 15, 13]},
			"faces": {
				"north": {"uv": [9.25, 9.25, 9.5, 9.5], "texture": "#layer1", "tintindex": 1},
				"east": {"uv": [7, 9.25, 9.25, 9.5], "texture": "#layer1", "tintindex": 1},
				"south": {"uv": [11.75, 9.25, 12, 9.5], "texture": "#layer1", "tintindex": 1},
				"west": {"uv": [9.5, 9.25, 11.75, 9.5], "texture": "#layer1", "tintindex": 1},
				"up": {"uv": [9.5, 9.25, 9.25, 7], "texture": "#layer1", "tintindex": 1},
				"down": {"uv": [9.75, 7, 9.5, 9.25], "texture": "#layer1", "tintindex": 1}
			}
		},
		{
			"from": [12, 7, 4],
			"to": [13, 8, 13],
			"rotation": {"angle": 0, "axis": "y", "origin": [20, 15, 14]},
			"faces": {
				"north": {"uv": [2.25, 11, 2.5, 11.25], "texture": "#layer1", "tintindex": 1},
				"east": {"uv": [0, 11, 2.25, 11.25], "texture": "#layer1", "tintindex": 1},
				"south": {"uv": [4.75, 11, 5, 11.25], "texture": "#layer1", "tintindex": 1},
				"west": {"uv": [2.5, 11, 4.75, 11.25], "texture": "#layer1", "tintindex": 1},
				"up": {"uv": [2.5, 11, 2.25, 8.75], "texture": "#layer1", "tintindex": 1},
				"down": {"uv": [2.75, 8.75, 2.5, 11], "texture": "#layer1", "tintindex": 1}
			}
		},
		{
			"from": [3, 7, 12],
			"to": [12, 8, 13],
			"rotation": {"angle": 0, "axis": "y", "origin": [19, 15, 14]},
			"faces": {
				"north": {"uv": [5, 3.25, 7.25, 3.5], "texture": "#layer1", "tintindex": 1},
				"east": {"uv": [4.75, 3.25, 5, 3.5], "texture": "#layer1", "tintindex": 1},
				"south": {"uv": [7.5, 3.25, 9.75, 3.5], "texture": "#layer1", "tintindex": 1},
				"west": {"uv": [7.25, 3.25, 7.5, 3.5], "texture": "#layer1", "tintindex": 1},
				"up": {"uv": [7.25, 3.25, 5, 3], "texture": "#layer1", "tintindex": 1},
				"down": {"uv": [9.5, 3, 7.25, 3.25], "texture": "#layer1", "tintindex": 1}
			}
		},
		{
			"from": [4, 7, 3],
			"to": [13, 8, 4],
			"rotation": {"angle": 0, "axis": "y", "origin": [20, 15, 5]},
			"faces": {
				"north": {"uv": [5, 0.25, 7.25, 0.5], "texture": "#layer1", "tintindex": 1},
				"east": {"uv": [4.75, 0.25, 5, 0.5], "texture": "#layer1", "tintindex": 1},
				"south": {"uv": [7.5, 0.25, 9.75, 0.5], "texture": "#layer1", "tintindex": 1},
				"west": {"uv": [7.25, 0.25, 7.5, 0.5], "texture": "#layer1", "tintindex": 1},
				"up": {"uv": [7.25, 0.25, 5, 0], "texture": "#layer1", "tintindex": 1},
				"down": {"uv": [9.5, 0, 7.25, 0.25], "texture": "#layer1", "tintindex": 1}
			}
		},
		{
			"from": [5, 6, 5],
			"to": [11, 9, 11],
			"rotation": {"angle": 0, "axis": "y", "origin": [13, 15, 18]},
			"faces": {
				"north": {"uv": [6.5, 2.25, 8, 3], "texture": "#layer1", "tintindex": 1},
				"east": {"uv": [5, 2.25, 6.5, 3], "texture": "#layer1", "tintindex": 1},
				"south": {"uv": [9.5, 2.25, 11, 3], "texture": "#layer1", "tintindex": 1},
				"west": {"uv": [8, 2.25, 9.5, 3], "texture": "#layer1", "tintindex": 1},
				"up": {"uv": [8, 2.25, 6.5, 0.75], "texture": "#layer1", "tintindex": 1},
				"down": {"uv": [9.5, 0.75, 8, 2.25], "texture": "#layer1", "tintindex": 1}
			}
		},
		{
			"from": [7, 5, 7],
			"to": [9, 10, 9],
			"rotation": {"angle": 0, "axis": "y", "origin": [13, 13, 14]},
			"faces": {
				"north": {"uv": [0.5, 9.25, 1, 10.5], "texture": "#layer1", "tintindex": 1},
				"east": {"uv": [0, 9.25, 0.5, 10.5], "texture": "#layer1", "tintindex": 1},
				"south": {"uv": [1.5, 9.25, 2, 10.5], "texture": "#layer1", "tintindex": 1},
				"west": {"uv": [1, 9.25, 1.5, 10.5], "texture": "#layer1", "tintindex": 1},
				"up": {"uv": [1, 9.25, 0.5, 8.75], "texture": "#layer1", "tintindex": 1},
				"down": {"uv": [1.5, 8.75, 1, 9.25], "texture": "#layer1", "tintindex": 1}
			}
		},
		{
			"from": [1, 0, 0],
			"to": [7, 2, 7],
			"rotation": {"angle": 0, "axis": "y", "origin": [9, 8, 9]},
			"faces": {
				"north": {"uv": [1.75, 4, 3.25, 4.5], "texture": "#layer0", "tintindex": 0},
				"east": {"uv": [0, 4, 1.75, 4.5], "texture": "#layer0", "tintindex": 0},
				"south": {"uv": [5, 4, 6.5, 4.5], "texture": "#layer0", "tintindex": 0},
				"west": {"uv": [3.25, 4, 5, 4.5], "texture": "#layer0", "tintindex": 0},
				"up": {"uv": [3.25, 4, 1.75, 2.25], "texture": "#layer0", "tintindex": 0},
				"down": {"uv": [4.75, 2.25, 3.25, 4], "texture": "#layer0", "tintindex": 0}
			}
		},
		{
			"from": [0, 0, 9],
			"to": [7, 2, 15],
			"rotation": {"angle": 0, "axis": "y", "origin": [9, 8, 17]},
			"faces": {
				"north": {"uv": [6.5, 6.5, 8.25, 7], "texture": "#layer0", "tintindex": 0},
				"east": {"uv": [5, 6.5, 6.5, 7], "texture": "#layer0", "tintindex": 0},
				"south": {"uv": [9.75, 6.5, 11.5, 7], "texture": "#layer0", "tintindex": 0},
				"west": {"uv": [8.25, 6.5, 9.75, 7], "texture": "#layer0", "tintindex": 0},
				"up": {"uv": [8.25, 6.5, 6.5, 5], "texture": "#layer0", "tintindex": 0},
				"down": {"uv": [10, 5, 8.25, 6.5], "texture": "#layer0", "tintindex": 0}
			}
		},
		{
			"from": [9, 0, 9],
			"to": [15, 2, 16],
			"rotation": {"angle": 0, "axis": "y", "origin": [17, 8, 17]},
			"faces": {
				"north": {"uv": [1.75, 1.75, 3.25, 2.25], "texture": "#layer0", "tintindex": 0},
				"east": {"uv": [0, 1.75, 1.75, 2.25], "texture": "#layer0", "tintindex": 0},
				"south": {"uv": [5, 1.75, 6.5, 2.25], "texture": "#layer0", "tintindex": 0},
				"west": {"uv": [3.25, 1.75, 5, 2.25], "texture": "#layer0", "tintindex": 0},
				"up": {"uv": [3.25, 1.75, 1.75, 0], "texture": "#layer0", "tintindex": 0},
				"down": {"uv": [4.75, 0, 3.25, 1.75], "texture": "#layer0", "tintindex": 0}
			}
		},
		{
			"from": [9, 0, 1],
			"to": [16, 2, 7],
			"rotation": {"angle": 0, "axis": "y", "origin": [17, 8, 9]},
			"faces": {
				"north": {"uv": [1.5, 6, 3.25, 6.5], "texture": "#layer0", "tintindex": 0},
				"east": {"uv": [0, 6, 1.5, 6.5], "texture": "#layer0", "tintindex": 0},
				"south": {"uv": [4.75, 6, 6.5, 6.5], "texture": "#layer0", "tintindex": 0},
				"west": {"uv": [3.25, 6, 4.75, 6.5], "texture": "#layer0", "tintindex": 0},
				"up": {"uv": [3.25, 6, 1.5, 4.5], "texture": "#layer0", "tintindex": 0},
				"down": {"uv": [5, 4.5, 3.25, 6], "texture": "#layer0", "tintindex": 0}
			}
		},
		{
			"from": [3, 2, 10],
			"to": [10, 4, 14],
			"rotation": {"angle": 0, "axis": "y", "origin": [10, 10, 10]},
			"faces": {
				"north": {"uv": [3.75, 10.5, 5.5, 11], "texture": "#layer0", "tintindex": 0},
				"east": {"uv": [2.75, 10.5, 3.75, 11], "texture": "#layer0", "tintindex": 0},
				"south": {"uv": [6.5, 10.5, 8.25, 11], "texture": "#layer0", "tintindex": 0},
				"west": {"uv": [5.5, 10.5, 6.5, 11], "texture": "#layer0", "tintindex": 0},
				"up": {"uv": [5.5, 10.5, 3.75, 9.5], "texture": "#layer0", "tintindex": 0},
				"down": {"uv": [7.25, 9.5, 5.5, 10.5], "texture": "#layer0", "tintindex": 0}
			}
		},
		{
			"from": [10, 2, 6],
			"to": [14, 4, 13],
			"rotation": {"angle": 0, "axis": "y", "origin": [18, 10, 10]},
			"faces": {
				"north": {"uv": [5.5, 8.75, 6.5, 9.25], "texture": "#layer0", "tintindex": 0},
				"east": {"uv": [3.75, 8.75, 5.5, 9.25], "texture": "#layer0", "tintindex": 0},
				"south": {"uv": [8.25, 8.75, 9.25, 9.25], "texture": "#layer0", "tintindex": 0},
				"west": {"uv": [6.5, 8.75, 8.25, 9.25], "texture": "#layer0", "tintindex": 0},
				"up": {"uv": [6.5, 8.75, 5.5, 7], "texture": "#layer0", "tintindex": 0},
				"down": {"uv": [7.5, 7, 6.5, 8.75], "texture": "#layer0", "tintindex": 0}
			}
		},
		{
			"from": [2, 2, 3],
			"to": [6, 4, 10],
			"rotation": {"angle": 0, "axis": "x", "origin": [4, 3, 3]},
			"faces": {
				"north": {"uv": [1.75, 8.25, 2.75, 8.75], "texture": "#layer0", "tintindex": 0},
				"east": {"uv": [0, 8.25, 1.75, 8.75], "texture": "#layer0", "tintindex": 0},
				"south": {"uv": [4.5, 8.25, 5.5, 8.75], "texture": "#layer0", "tintindex": 0},
				"west": {"uv": [2.75, 8.25, 4.5, 8.75], "texture": "#layer0", "tintindex": 0},
				"up": {"uv": [2.75, 8.25, 1.75, 6.5], "texture": "#layer0", "tintindex": 0},
				"down": {"uv": [3.75, 6.5, 2.75, 8.25], "texture": "#layer0", "tintindex": 0}
			}
		},
		{
			"from": [6, 2, 2],
			"to": [13, 4, 6],
			"rotation": {"angle": 0, "axis": "y", "origin": [10, 10, 2]},
			"faces": {
				"north": {"uv": [6.5, 4.5, 8.25, 5], "texture": "#layer0", "tintindex": 0},
				"east": {"uv": [5.5, 4.5, 6.5, 5], "texture": "#layer0", "tintindex": 0},
				"south": {"uv": [9.25, 4.5, 11, 5], "texture": "#layer0", "tintindex": 0},
				"west": {"uv": [8.25, 4.5, 9.25, 5], "texture": "#layer0", "tintindex": 0},
				"up": {"uv": [8.25, 4.5, 6.5, 3.5], "texture": "#layer0", "tintindex": 0},
				"down": {"uv": [10, 3.5, 8.25, 4.5], "texture": "#layer0", "tintindex": 0}
			}
		},
		{
			"from": [3, 7, 3],
			"to": [4, 8, 12],
			"rotation": {"angle": 0, "axis": "y", "origin": [11, 15, 13]},
			"faces": {
				"north": {"uv": [9.25, 9.25, 9.5, 9.5], "texture": "#layer0", "tintindex": 0},
				"east": {"uv": [7, 9.25, 9.25, 9.5], "texture": "#layer0", "tintindex": 0},
				"south": {"uv": [11.75, 9.25, 12, 9.5], "texture": "#layer0", "tintindex": 0},
				"west": {"uv": [9.5, 9.25, 11.75, 9.5], "texture": "#layer0", "tintindex": 0},
				"up": {"uv": [9.5, 9.25, 9.25, 7], "texture": "#layer0", "tintindex": 0},
				"down": {"uv": [9.75, 7, 9.5, 9.25], "texture": "#layer0", "tintindex": 0}
			}
		},
		{
			"from": [12, 7, 4],
			"to": [13, 8, 13],
			"rotation": {"angle": 0, "axis": "y", "origin": [20, 15, 14]},
			"faces": {
				"north": {"uv": [2.25, 11, 2.5, 11.25], "texture": "#layer0", "tintindex": 0},
				"east": {"uv": [0, 11, 2.25, 11.25], "texture": "#layer0", "tintindex": 0},
				"south": {"uv": [4.75, 11, 5, 11.25], "texture": "#layer0", "tintindex": 0},
				"west": {"uv": [2.5, 11, 4.75, 11.25], "texture": "#layer0", "tintindex": 0},
				"up": {"uv": [2.5, 11, 2.25, 8.75], "texture": "#layer0", "tintindex": 0},
				"down": {"uv": [2.75, 8.75, 2.5, 11], "texture": "#layer0", "tintindex": 0}
			}
		},
		{
			"from": [3, 7, 12],
			"to": [12, 8, 13],
			"rotation": {"angle": 0, "axis": "y", "origin": [19, 15, 14]},
			"faces": {
				"north": {"uv": [5, 3.25, 7.25, 3.5], "texture": "#layer0", "tintindex": 0},
				"east": {"uv": [4.75, 3.25, 5, 3.5], "texture": "#layer0", "tintindex": 0},
				"south": {"uv": [7.5, 3.25, 9.75, 3.5], "texture": "#layer0", "tintindex": 0},
				"west": {"uv": [7.25, 3.25, 7.5, 3.5], "texture": "#layer0", "tintindex": 0},
				"up": {"uv": [7.25, 3.25, 5, 3], "texture": "#layer0", "tintindex": 0},
				"down": {"uv": [9.5, 3, 7.25, 3.25], "texture": "#layer0", "tintindex": 0}
			}
		},
		{
			"from": [4, 7, 3],
			"to": [13, 8, 4],
			"rotation": {"angle": 0, "axis": "y", "origin": [20, 15, 5]},
			"faces": {
				"north": {"uv": [5, 0.25, 7.25, 0.5], "texture": "#layer0", "tintindex": 0},
				"east": {"uv": [4.75, 0.25, 5, 0.5], "texture": "#layer0", "tintindex": 0},
				"south": {"uv": [7.5, 0.25, 9.75, 0.5], "texture": "#layer0", "tintindex": 0},
				"west": {"uv": [7.25, 0.25, 7.5, 0.5], "texture": "#layer0", "tintindex": 0},
				"up": {"uv": [7.25, 0.25, 5, 0], "texture": "#layer0", "tintindex": 0},
				"down": {"uv": [9.5, 0, 7.25, 0.25], "texture": "#layer0", "tintindex": 0}
			}
		},
		{
			"from": [5, 6, 5],
			"to": [11, 9, 11],
			"rotation": {"angle": 0, "axis": "y", "origin": [13, 15, 18]},
			"faces": {
				"north": {"uv": [6.5, 2.25, 8, 3], "texture": "#layer0", "tintindex": 0},
				"east": {"uv": [5, 2.25, 6.5, 3], "texture": "#layer0", "tintindex": 0},
				"south": {"uv": [9.5, 2.25, 11, 3], "texture": "#layer0", "tintindex": 0},
				"west": {"uv": [8, 2.25, 9.5, 3], "texture": "#layer0", "tintindex": 0},
				"up": {"uv": [8, 2.25, 6.5, 0.75], "texture": "#layer0", "tintindex": 0},
				"down": {"uv": [9.5, 0.75, 8, 2.25], "texture": "#layer0", "tintindex": 0}
			}
		},
		{
			"from": [7, 5, 7],
			"to": [9, 10, 9],
			"rotation": {"angle": 0, "axis": "y", "origin": [13, 13, 14]},
			"faces": {
				"north": {"uv": [0.5, 9.25, 1, 10.5], "texture": "#layer0", "tintindex": 0},
				"east": {"uv": [0, 9.25, 0.5, 10.5], "texture": "#layer0", "tintindex": 0},
				"south": {"uv": [1.5, 9.25, 2, 10.5], "texture": "#layer0", "tintindex": 0},
				"west": {"uv": [1, 9.25, 1.5, 10.5], "texture": "#layer0", "tintindex": 0},
				"up": {"uv": [1, 9.25, 0.5, 8.75], "texture": "#layer0", "tintindex": 0},
				"down": {"uv": [1.5, 8.75, 1, 9.25], "texture": "#layer0", "tintindex": 0}
			}
		}
	],
	"display": {
		"head": {
			"translation": [0, -35, 0]
		}
	}
}